state_id,phase_label,solver_status,dynamic_gam_applied,dynamic_gam_status,gam_value,gam_audit_fail_count,gam_audit_warn_count,atpm_inference_status,gam_changed_metabolites_n,turnover_mode,turnover_flux_candidate,turnover_flux_effective,turnover_debits_cProt,dcProt_dt_from_turnover,internal_recycled_n_candidate,internal_recycled_n_effective,external_exchange_used_by_turnover,aa_exchange_relaxed_by_turnover,turnover_audit_fail_count,turnover_audit_warn_count,phase_growth_policy_applied,biomass_rxn_id,biomass_lb,biomass_ub,mu_lag_max,lag_growth_blocked,lag_biomass_objective_removed,modeling_config_mode,product_forcing_mode,glycerol_floor_applied,pyruvate_hard_min_applied,acetaldehyde_hard_min_applied,regularized_product_constraints_added,strict_product_constraints_skipped,used_fallback,v_glucose,v_fructose,v_ethanol,v_oxygen,v_biomass,v_atpm,v_glycerol,v_pyruvate,v_acetaldehyde,q_glucose_mmol_gDW_h,q_fructose_mmol_gDW_h,q_oxygen_mmol_gDW_h,p_ethanol_mmol_gDW_h,p_glycerol_mmol_gDW_h,p_pyruvate_mmol_gDW_h,p_acetaldehyde_mmol_gDW_h,mu_h_inv,q_n_total_gN_gDW_h,n_external_uptake_total,n_external_uptake_allowed,n_external_uptake_when_depleted,n_external_uptake_violation,n_sources_open_count,n_sources_reopened_count,turnover_used_as_external_n,nitrogen_audit_fail_count,nitrogen_audit_warn_count,protein_turnover_gProt_gDW_h
initial_high_sugar_high_n,F0_LAG_OSMO,optimal,True,PASS,30.347483220125785,0,0,PASS,5,macro_internal_audited,0.0,0.0,True,-0.0,0.0,0.0,False,False,0,0,True,r_2111,0.0,0.0001,0.0001,True,True,strict,strict,False,False,False,0,0,False,0.0,-0.3494499999999999,0.6987999999999999,0.0,0.0,0.7,-8.166161401332344e-17,0.0,0.0,0.0,0.3494499999999999,0.0,0.6987999999999999,0.0,0.0,0.0,0.0,4.202100000000383e-06,4.202100000000383e-06,True,0.0,False,8,0,False,0,0,0.0
lag_osmotic,F0_LAG_OSMO,optimal,True,PASS,30.347483220125785,0,0,PASS,5,macro_internal_audited,0.0,0.0,True,-0.0,0.0,0.0,False,False,0,0,True,r_2111,0.0,0.0001,0.0001,True,True,strict,strict,False,False,False,0,0,False,0.0,-0.3494500000000007,0.6988000000000004,0.0,0.0,0.7,0.0,0.0,0.0,0.0,0.3494500000000007,0.0,0.6988000000000004,0.0,0.0,0.0,0.0,4.202099999998511e-06,4.202099999998511e-06,True,0.0,False,8,0,False,0,0,0.0
growth_n_available,F1_EXP_GROWTH,optimal,True,PASS,31.53091742783703,0,0,PASS,5,macro_internal_audited,0.0007723547320153078,0.0007723547320153078,True,-0.0002703241562053577,9.886140569795941e-05,9.886140569795941e-05,False,False,0,0,False,r_2111,0.0,1000.0,0.0001,False,False,strict,strict,False,False,False,0,0,False,-2.4308589541666077,-1.54291408890103,7.105228216539068,0.0,0.059014597833511366,0.7,0.20295367768164319,0.0,0.0,2.4308589541666077,1.54291408890103,0.0,7.105228216539068,0.20295367768164319,0.0,0.0,0.059014597833511366,0.005109517772916615,0.005109517772916615,True,0.0,False,8,0,False,0,0,0.0007723547320153078
n_limited_sugar_available,F2_N_LIMITED_CARB_ACC,optimal,True,PASS,24.392,0,0,PASS,5,macro_internal_audited,0.004056477827989942,0.004056477827989942,True,-0.0030423583709924566,0.0005192291619827127,0.0005192291619827127,False,False,0,0,False,r_2111,0.0,0.0,0.0001,False,False,strict,strict,False,False,False,0,0,False,-1.43112541589533,-0.782165232135832,4.44435915811177,0.0,0.0,4.44805120698105,-2.8984109256687308e-19,0.0,0.0,1.43112541589533,0.782165232135832,0.0,4.44435915811177,0.0,0.0,0.0,0.0,0.0,0.0,False,0.0,False,0,0,False,0,0,0.004056477827989942
stationary_n_depleted,F2_N_LIMITED_CARB_ACC,optimal,True,PASS,24.392,0,0,PASS,5,macro_internal_audited,0.003650976811590992,0.003650976811590992,True,-0.003103330289852343,0.00046732503188364697,0.00046732503188364697,False,False,0,0,False,r_2111,0.0,0.0,0.0001,False,False,strict,strict,False,False,False,0,0,False,-1.11387360617495,-0.846170781435219,3.9378787930897277,0.0,0.0,3.9415591926315656,0.0,0.0,0.0,1.11387360617495,0.846170781435219,0.0,3.9378787930897277,0.0,0.0,0.0,0.0,0.0,0.0,False,0.0,False,0,0,False,0,0,0.003650976811590992
glucose_depleted_fructose_available,F4_DECAY,optimal,True,PASS,24.392,0,0,PASS,5,macro_internal_audited,0.004323952569166283,0.004323952569166283,True,-0.0038915573122496553,0.0005534659288532843,0.0005534659288532843,False,False,0,0,False,r_2111,0.0,0.0,0.0001,False,False,strict,strict,False,False,False,0,0,False,0.0,-1.03541060166581,2.0887058187162393,0.0,0.0,2.0922955623059787,0.0,0.0,0.0,0.0,1.03541060166581,0.0,2.0887058187162393,0.0,0.0,0.0,0.0,0.0,0.0,False,0.0,False,0,0,False,0,0,0.004323952569166283
hexoses_depleted,F4_DECAY,,True,PASS,24.392,0,0,PASS,5,macro_internal_audited,0.004323952569166283,0.004323952569166283,True,-0.0038915573122496553,0.0005534659288532843,0.0005534659288532843,False,False,0,0,False,r_2111,0.0,0.0,0.0001,False,False,strict,strict,False,False,False,0,0,True,-0.0,-0.0,0.0,0.0,0.0,0.0,0.0,0.0,0.0,0.0,0.0,0.0,0.0,0.0,0.0,0.0,0.0,0.0,0.0,False,0.0,False,0,0,False,0,0,0.004323952569166283
protein_pool_depleted,F4_DECAY,optimal,True,PASS,24.392,0,0,PASS,5,macro_internal_audited,0.004234086956517786,0.0,True,-0.0,0.0,0.0,False,False,0,0,False,r_2111,0.0,0.0,0.0001,False,False,strict,strict,False,False,False,0,0,False,-1.41434503775479,-0.939095016004318,4.724764722902759,0.0,0.0,4.7283544664925685,0.0,0.0,0.0,1.41434503775479,0.939095016004318,0.0,4.724764722902759,0.0,0.0,0.0,0.0,0.0,0.0,False,0.0,False,0,0,False,0,0,0.0
ethanol_stress_high,F4_DECAY,optimal,True,PASS,24.392,0,0,PASS,5,macro_internal_audited,0.004182059496563399,0.004182059496563399,True,-0.003136544622422549,0.0005353036155601151,0.0005353036155601151,False,False,0,0,False,r_2111,0.0,0.0,0.0001,False,False,strict,strict,False,False,False,0,0,False,-0.736491983856317,-0.644279424739817,2.7794274325769295,0.0,0.0,2.783017176166628,2.8768346916169834e-22,0.0,0.0,0.736491983856317,0.644279424739817,0.0,2.7794274325769295,2.8768346916169834e-22,0.0,0.0,0.0,0.0,0.0,False,0.0,False,0,0,False,0,0,0.004182059496563399
