t_h,X_gDW_L,N_gN_L,N_free_gN_L,G_g_L,F_g_L,E_g_L,O2_g_L,Prot_g_L,Carb_g_L,P_frac_gProt_gDW,C_frac_gCarb_gDW,GAM_mmol_gDW,AA_phe_mmol_L,AA_leu_mmol_L,AA_val_mmol_L,AA_met_mmol_L,AA_tyr_mmol_L,pea_g_L,pea_mg_L,isoamyl_g_L,isoamyl_mg_L,isobutanol_g_L,isobutanol_mg_L,methionol_g_L,methionol_mg_L,tyrosol_g_L,tyrosol_mg_L
0.0,0.5,0.14,0.07,110.0,110.0,0.0,0.8,0.23,0.185,0.46,0.37,51.98026170194909,0.9995002498750626,0.9995002498750626,0.9995002498750626,0.9995002498750626,0.9995002498750626,0.0,0.0,0.0,0.0,0.0,0.0,0.0,0.0,0.0,0.0
1.0,0.5480616197806856,0.13464795970573204,0.06847287646312694,109.7398966720134,109.86817224120624,0.18044644994666648,0.8,0.29211996487980085,0.20185779931885364,0.5330056955944054,0.36831223357627163,53.385328809128836,0.9195402298850576,0.9195402298850576,0.9195402298850576,0.9787148687274273,0.987093887080747,0.008865604922825794,8.865604922825794,0.0,0.0,0.0036310477201962955,3.6310477201962956,0.0,0.0,0.0009360653549987664,0.9360653549987664
2.0,0.6005644777633564,0.12880179582285534,0.0668050476179628,109.45577997944336,109.7240236339563,0.3776288672404491,0.8,0.3585499387637072,0.22027456777584759,0.5970215556188598,0.36677921510809625,54.61737760375844,0.845977011494253,0.845977011494253,0.845977011494253,0.9560087693598706,0.9321862906024728,0.01686625868977476,16.86625868977476,0.0,0.0,0.006575835629674918,6.575835629674917,0.0,0.0,0.007672208588494668,7.672208588494668
3.0,0.6578817410899104,0.12245408881095163,0.06469302362856022,109.14563053063569,109.5664917779216,0.5936141028745906,0.8,0.42968389536374624,0.2403805823677933,0.653132422632509,0.36538570286136174,55.69728695814938,0.7782988505747127,0.7782988505747127,0.7782988505747127,0.9312205668394432,0.857611387354275,0.024057469015040293,24.057469015040294,0.0,0.0,0.008854470451613953,8.854470451613953,0.0,0.0,0.017047653712928386,17.047653712928387
4.0,0.7203350385632579,0.11602616358271714,0.062125502976848185,108.80734503167,109.39448545681492,0.8290396037336778,0.8,0.5058267733371026,0.26228639952109295,0.7022104246740487,0.36411723084335246,56.64184184243914,0.7160349425287357,0.7160349425287357,0.7160349425287357,0.9110158206190718,0.789002476365933,0.03049071047105901,30.490710471059007,0.0,0.0,0.010486486120289537,10.486486120289536,0.0,0.0,0.025515697766368826,25.515697766368827
5.0,0.7882368800973756,0.10970179552369225,0.05933443841501784,108.43874701614912,109.20687997337471,1.0856695892301154,0.8,0.5872595249101159,0.28609864889111103,0.7450292415112171,0.36296024217462086,57.46593249203047,0.6587521471264368,0.6587521471264368,0.6587521471264368,0.8937317100545011,0.7258822782566584,0.03621302752461362,36.213027524613615,0.0,0.0,0.01148906043666663,11.48906043666663,0.0,0.0,0.033137222912152625,33.13722291215262
6.0,0.861699420448887,0.10292142518713127,0.055854377866826434,108.03757275586324,109.00249085496745,1.3655311591944899,0.8,0.6739607504514685,0.3118492955767147,0.7821297478654223,0.3619003195038269,58.17996857803142,0.6060519753563218,0.6060519753563218,0.6060519753563218,0.8742842034724845,0.6678116959961258,0.041270996113625336,41.27099611362534,0.0,0.0,0.011886372507727878,11.886372507727877,0.0,0.0,0.03997107929026355,39.971079290263546
7.0,0.9410555697656504,0.09559828089594954,0.05161176185335261,107.60173314931644,108.78027741069563,1.6699140154547045,0.8,0.7662321021881416,0.3396518243460336,0.8142262017310574,0.3609264269384395,58.797696704810235,0.5575678173278161,0.5575678173278161,0.5575678173278161,0.8532338430008178,0.6143867603164357,0.04570314935897089,45.70314935897089,0.0,0.0,0.011886372507727878,11.886372507727877,0.0,0.0,0.04606769030994581,46.0676903099458
8.0,1.026540362827069,0.08771346644234064,0.04660913051108066,107.12920451329359,108.53928403716512,2.000553370455126,0.8,0.864221776481228,0.36958293865702835,0.841878028157783,0.3600276735726253,59.329883562962884,0.5129623919415909,0.5129623919415909,0.5129623919415909,0.8304337214157392,0.5652358194911208,0.049546276428239916,49.54627642823991,0.0,0.0,0.011886372507727878,11.886372507727877,0.0,0.0,0.05147459874697258,51.474598746972575
9.0,1.1183251462871056,0.07925590233420268,0.040852259805333246,106.6181580690097,108.27873578773854,2.3572141093181394,0.8,0.9679797981560383,0.4016953938439567,0.8655620428189232,0.35919374180005265,59.78570594360576,0.4719254005862636,0.4719254005862636,0.4719254005862636,0.8059532945749198,0.5200169539318311,0.052835066781921965,52.83506678192197,0.0,0.0,0.011886372507727878,11.886372507727877,0.0,0.0,0.05623627053678783,56.23627053678783
10.0,1.2165417435831418,0.07022206188857037,0.034372584522206394,106.06712586875203,107.99819011213634,2.740920154369295,0.8,1.0774967372727902,0.4360270578742704,0.8857046977271693,0.3584152045535387,60.17337133919468,0.4341713685393625,0.4341713685393625,0.4341713685393625,0.7784675528768558,0.47841559761728464,0.055601919814279664,55.60191981427966,0.0,0.0,0.011886372507727878,11.886372507727877,0.0,0.0,0.06039403222829034,60.394032228290335
11.0,1.3208625815185382,0.06065411802323282,0.027592225523946162,105.47528752796146,107.69780284374653,3.1534340740474813,0.8,1.1920927748539212,0.47244563262099565,0.9025108224986009,0.3576796248386759,60.57007560236431,0.3994376590562135,0.3994376590562135,0.3994376590562135,0.7219282311934193,0.44014234980790184,0.057885077180899705,57.88507718089971,0.0,0.0,0.011886372507727878,11.886372507727877,0.0,0.0,0.06399317002054263,63.99317002054263
12.0,1.4273897593229812,0.051054619404372045,0.02063767830502832,104.86430578918711,107.37857362833512,3.570175907572749,0.8,1.3058992073285205,0.5094984602455346,0.9148862101602268,0.35694417514049737,60.96162139855935,0.3674826463317164,0.3674826463317164,0.3674826463317164,0.6641739726979458,0.4049309618232697,0.05978730252880207,59.78730252880207,0.0,0.0,0.011886372507727878,11.886372507727877,0.0,0.0,0.067133566120912,67.133566120912
13.0,1.5295967126885084,0.04186254347687349,0.013878957665477261,104.29750365901619,107.04387582135833,3.9748108152740658,0.8,1.4094148869856922,0.544767540689552,0.9214290768894386,0.356151092749171,61.16863163799057,0.3380840346251791,0.3380840346251791,0.3380840346251791,0.6110400548821101,0.37253648487740815,0.06145839233743733,61.45839233743733,0.0,0.0,0.011886372507727878,11.886372507727877,0.0,0.0,0.06995471144850292,69.95471144850292
14.0,1.6223086051840128,0.03356068951608456,0.007815790569600037,103.80851365150772,106.70075797427566,4.349417212829587,0.8,1.4954447289846295,0.5763471032094409,0.921800404809544,0.3552635431802249,61.180380109238705,0.31103731185516476,0.31103731185516476,0.31103731185516476,0.5621568504915413,0.3427335660872155,0.06302057056494892,63.02057056494892,0.0,0.0,0.011886372507727878,11.886372507727877,0.0,0.0,0.07257150845020231,72.57150845020232
15.0,1.6978887200820214,0.026860583277834103,0.0031752762470683357,103.44688975863528,106.3599327152131,4.667479802568358,0.8,1.5534511312212602,0.6014300102056569,0.9149310628238442,0.3542222779927551,60.96304049526709,0.2861543269067516,0.2861543269067516,0.2861543269067516,0.517184302452218,0.3153148808002383,0.06464032276538394,64.64032276538394,0.0,0.0,0.011886372507727878,11.886372507727877,0.0,0.0,0.07513622049308757,75.13622049308758
16.0,1.74893173785498,0.022450986547686423,0.0006605040793819222,103.25967554047729,106.03307971953116,4.903180402136032,0.8,1.5736031475770358,0.6173087767306233,0.899751038600866,0.3529633337706689,60.48275859758751,0.2632619807542115,0.2632619807542115,0.2632619807542115,0.4758095582560406,0.29008969033621923,0.06647794746734467,66.47794746734468,0.0,0.0,0.011886372507727878,11.886372507727877,0.0,0.0,0.0777950736828994,77.7950736828994
17.0,1.7781640956700764,0.020074740185342405,2.7496314502263868e-05,103.22334851224198,105.72142522170776,5.065633926011282,0.8,1.5612062798218804,0.6250382052385559,0.8779877423143906,0.35150760650299767,60.02485086925344,0.24220102229387455,0.24220102229387455,0.24220102229387455,0.4377447935955573,0.2668825151093217,0.06850166875837159,68.5016687583716,0.0,0.0,0.01205117237348729,12.05117237348729,0.0,0.0,0.08052817806291097,80.52817806291097
18.0,1.7992872595884126,0.01844346436117293,0.0,103.21719853876446,105.44011797840243,5.200984099080898,0.8,1.5374038793488856,0.6297285848621476,0.8544516008525326,0.34998779739384034,59.57187445517048,0.22282494051036458,0.22282494051036458,0.22282494051036458,0.40272521010791273,0.24553191390057597,0.0704719259674066,70.4719259674066,0.0,0.0,0.01247841228893394,12.47841228893394,0.0,0.0,0.08313604579638784,83.13604579638783
19.0,1.8186880144482778,0.016967987212279097,0.0,103.21155004177352,105.17137735082798,5.330637890497382,0.8,1.511919845667078,0.6337582212359869,0.8313244677788995,0.34847000486130414,59.12676981366877,0.2049989452695354,0.2049989452695354,0.2049989452695354,0.3705071932992797,0.2258893607885299,0.07228517434820016,72.28517434820016,0.0,0.0,0.012873027995523718,12.873027995523717,0.0,0.0,0.08553581111072138,85.53581111072138
20.0,1.8367936615884202,0.01561054823529677,0.0,103.20627861320649,104.91219171128581,5.456012486074311,0.8,1.4854368958933382,0.6372885195716597,0.8087119021353568,0.34695705505677,58.69156853333031,0.18859902964797257,0.18859902964797257,0.18859902964797257,0.34086661783533734,0.2078182119254475,0.07394853454207191,73.94853454207191,0.0,0.0,0.013223801498619086,13.223801498619085,0.0,0.0,0.0877394357771959,87.7394357771959
21.0,1.8537082104554503,0.014361704376473026,0.0,103.20135397088877,104.66177787377904,5.577459791648258,0.8,1.4581418458829352,0.6403604600546025,0.7866080743768591,0.34544835937111584,58.266158418771916,0.17351110727613475,0.17351110727613475,0.17351110727613475,0.31359728840851037,0.1911927549714117,0.07547399007212385,75.47399007212385,0.0,0.0,0.013534221029520573,13.534221029520573,0.0,0.0,0.08976260455921799,89.76260455921799
22.0,1.8695273507542711,0.013212768026355185,0.0,103.19674825492449,104.41941531581492,5.695303580716483,0.8,1.4302028261133106,0.6430117396648931,0.7650077039719624,0.3439434782301882,57.850437840922304,0.15963021869404398,0.15963021869404398,0.15963021869404398,0.28850950533582953,0.17589733457369877,0.07687256576055562,76.87256576055562,0.0,0.0,0.013807495712591496,13.807495712591496,0.0,0.0,0.09161974742270725,91.61974742270725
23.0,1.8843391235749822,0.012155746584246771,0.0,103.19243583229904,104.18444105872679,5.809841759482879,0.8,1.401770915517583,0.6452770369102317,0.7439058596088228,0.3424420948634805,57.4443118917882,0.14685980119852046,0.14685980119852046,0.14685980119852046,0.2654287449089632,0.16182554780780287,0.07815440432049417,78.15440432049417,0.0,0.0,0.014046577628841957,14.046577628841957,0.0,0.0,0.09332413983009395,93.32413983009396
24.0,1.8982245244225022,0.011183286857507028,0.0,103.18839312130805,103.95624515563271,5.9213484053317105,0.8,1.3729816187118467,0.647188250039263,0.7232977980460712,0.3409439935648062,57.047689282979356,0.13511101710263881,0.13511101710263881,0.13511101710263881,0.24419444531624612,0.14887950398317865,0.07932883709119679,79.32883709119679,0.0,0.0,0.014254182802560396,14.254182802560395,0.0,0.0,0.09488799524401241,94.88799524401242
25.0,1.9112580698001815,0.010288623908906466,0.0,103.18459842659752,103.7342664356183,6.03007568764712,0.8,1.3439562383083437,0.6487747205788079,0.7031788430585157,0.33944904187985253,56.66048001589841,0.12430213573442771,0.12430213573442771,0.12430213573442771,0.22465888969094644,0.13696914366452434,0.08040444889277618,80.40444889277617,0.0,0.0,0.014432809945579656,14.432809945579656,0.0,0.0,0.09632255003974517,96.32255003974517
26.0,1.9235083155309423,0.009465533996193948,0.0,103.18103178825544,103.5179885867897,6.1362556159283805,0.8,1.3148031287344624,0.6500634378962954,0.6835442915002631,0.33795717577485995,56.28259357383238,0.11435796487567348,0.11435796487567348,0.11435796487567348,0.20668617851567073,0.1260116121713624,0.08138913774771303,81.38913774771304,0.0,0.0,0.014584757842224998,14.584757842224999,0.0,0.0,0.09763814167219481,97.6381416721948
27.0,1.9350383336127106,0.008708291276498433,0.0,103.1776748429762,103.30693657241525,6.240101654111208,0.8,1.285618845628138,0.6510792273970682,0.6643893422141626,0.3364683872600629,55.9139375537443,0.10520932768561961,0.10520932768561961,0.10520932768561961,0.19015128423441707,0.1159306831976534,0.08229016982464779,82.29016982464779,0.0,0.0,0.014712141343467043,14.712141343467042,0.0,0.0,0.09884428058949811,98.84428058949811
28.0,1.9459061509254287,0.008011627974378557,0.0,103.17451069633178,103.10067332886554,6.341810204236773,0.8,1.2564891993077218,0.6518449236657886,0.6457090434244037,0.3349827140202964,55.554416653791506,0.09679258147077004,0.09679258147077004,0.09679258147077004,0.1749391814956637,0.10665622854184113,0.08311422998666888,83.11422998666889,0.0,0.0,0.014816906081541787,14.816906081541786,0.0,0.0,0.09994971639355095,99.94971639355094
29.0,1.956165152841502,0.007370697736428273,0.0,103.17152380526122,102.89879672771829,6.4415619714271966,0.8,1.2274902201294189,0.6523815297564068,0.6274982551173561,0.33350023069819296,55.203931949307616,0.08904917495310843,0.08904917495310843,0.08904917495310843,0.1609440469760106,0.09812373025849384,0.08386746829573788,83.86746829573788,0.0,0.0,0.014900842007401188,14.900842007401188,0.0,0.0,0.10096249870769129,100.9624987076913
30.0,1.965864454547413,0.006781041917514011,0.0,103.16869986996097,102.70093678089485,6.539523219663059,0.8,1.1986890429155193,0.6527083637388119,0.6097516235886593,0.3320210415468753,54.86238040293591,0.08192524095685975,0.08192524095685975,0.08192524095685975,0.14806852321792977,0.09027383183781433,0.08455554279676068,84.55554279676068,0.0,0.0,0.01496559584516763,14.96559584516763,0.0,0.0,0.10189003317496739,101.8900331749674
31.0,1.9750492426596093,0.006238558564112891,0.0,103.16602573442404,102.50675307269492,6.635846928114288,0.8,1.1701447170572825,0.6528431935216304,0.5924635658610521,0.33054527422440827,54.529654564735054,0.07537122168031098,0.07537122168031098,0.07537122168031098,0.13622304136049537,0.08305192529078918,0.08518365887893294,85.18365887893293,0.0,0.0,0.015012682550231827,15.012682550231826,0.0,0.0,0.10273913297654459,102.7391329765446
32.0,1.983761089511119,0.005739473878983859,0.0,103.1634892949359,102.31594473057207,6.730673849968122,0.8,1.1419089483634817,0.6528023608890808,0.5756282620932419,0.3290730745454627,54.20564242608019,0.0693415239458861,0.0693415239458861,0.0693415239458861,0.12532519805165573,0.07640777126752604,0.08575660548817778,85.75660548817777,0.0,0.0,0.01504349585070298,15.04349585070298,0.0,0.0,0.10351606622863956,103.51606622863956
33.0,1.9920382422952416,0.0052803159686651505,0.0,103.16107941589085,102.1283856966806,6.824183531898137,0.8,1.1140267782355788,0.6526008956147608,0.5592396544315277,0.32760460203958186,53.890227397561326,0.06379420203021521,0.06379420203021521,0.06379420203021521,0.11529918220752328,0.07029514956612395,0.08627878844258854,86.27878844258855,0.0,0.0,0.01505931794554275,15.05931794554275,0.0,0.0,0.10422659958769971,104.22659958769971
34.0,1.9999158890777433,0.004857890691171938,0.0,103.15878585234303,101.94380406021789,6.916498317659519,0.8,1.0865372052997861,0.6522526204462126,0.543291451022393,0.3261400261923002,53.58328838620967,0.058690665867797996,0.058690665867797996,0.058690665867797996,0.10607524763092141,0.06467153760083404,0.08675426108263605,86.75426108263605,0.0,0.0,0.015061328426848434,15.061328426848434,0.0,0.0,0.1048760383671683,104.8760383671683
35.0,2.007426403528079,0.004469259435878183,0.0,103.15659917875328,101.76187036020386,7.007716285589549,0.8,1.0594737542117836,0.6517702476906057,0.527777134120456,0.3246795232667612,53.28469995154314,0.053995412598374155,0.053995412598374155,0.053995412598374155,0.0975892278204477,0.05949781459276731,0.08718675246935924,87.18675246935923,0.0,0.0,0.015061328426848434,15.061328426848434,0.0,0.0,0.10546926344490822,105.46926344490822
36.0,2.0145995700721206,0.004111718681007928,0.0,103.15451072343635,101.5823411915151,7.097933792962558,0.8,1.0328649959686715,0.6511654680734479,0.5126899714029504,0.32322327362064157,52.99433252332484,0.049675779590504225,0.049675779590504225,0.049675779590504225,0.08978208959481188,0.054737989425345926,0.08757969332670049,87.5796933267005,0.0,0.0,0.015061328426848434,15.061328426848434,0.0,0.0,0.10601076521803189,106.01076521803189
37.0,2.0214627910326595,0.0037827811865272947,0.0,103.15251250825226,101.40500507360854,7.187240785261316,0.8,1.0067350237121546,0.65044903248848,0.4980230297476148,0.32177145944704705,52.71205266673218,0.04570171722326389,0.04570171722326389,0.04570171722326389,0.08259952242722693,0.05035895027131825,0.08793623990845424,87.93623990845424,0.0,0.0,0.015061328426848434,15.061328426848434,0.0,0.0,0.10650467484134485,106.50467484134485
38.0,2.028041277198684,0.0034801586916051105,0.0,103.1505971931224,101.22966742355628,7.275720022436617,0.8,0.9811038876846249,0.6496308272074666,0.4837691908518821,0.320324262879302,52.43772338296369,0.042045579845402775,0.042045579845402775,0.042045579845402775,0.07599156063304877,0.046330234249612794,0.0882592959558595,88.2592959558595,0.0,0.0,0.015061328426848434,15.061328426848434,0.0,0.0,0.1069547929667136,106.95479296671361
39.0,2.0343582231491055,0.003201745996276702,0.0,103.14875802498432,101.05614919083011,7.363447661600824,0.8,0.9559879927032787,0.6487199430730852,0.4699211681723622,0.3188818644087631,52.17120443525623,0.03868193345777055,0.03868193345777055,0.03868193345777055,0.06991223578240487,0.04262381550964377,0.08855153289858503,88.55153289858502,0.0,0.0,0.015061328426848434,15.061328426848434,0.0,0.0,0.10736461618328423,107.36461618328423
40.0,2.040434968550594,0.002945606316574566,0.0,103.14698879083014,100.88428561878366,7.450493782928325,0.8,0.9314004612448366,0.6477247391562704,0.4564715247486908,0.3174444415723655,51.91235269192258,0.035587378781148905,0.035587378781148905,0.035587378781148905,0.06431925691981248,0.03921391026887226,0.08881540843963563,88.81540843963563,0.0,0.0,0.015061328426848434,15.061328426848434,0.0,0.0,0.10773736134248334,107.73736134248334
41.0,2.0462911465515825,0.0027099578112486002,0.0,103.14528377450185,100.71392510109443,7.536922875835154,0.8,0.907351464982711,0.646652901320855,0.4434126915477219,0.316012167872884,51.66102247940374,0.03274038847865699,0.03274038847865699,0.03274038847865699,0.05917371636622748,0.03607679744736248,0.08905318365346601,89.05318365346601,0.0,0.0,0.015061328426848434,15.061328426848434,0.0,0.0,0.10807598793701897,108.07598793701898
42.0,2.0519448203047626,0.002493161186348712,0.0,103.14363771694309,100.54492812969032,7.6227942862643,0.8,0.8838485273879587,0.6455114961029272,0.43073698602513405,0.31458521190011995,51.41706593950537,0.03012115740036443,0.03012115740036443,0.03012115740036443,0.05443981905692928,0.03319065365157348,0.08926693871624532,89.26693871624532,0.0,0.0,0.015061328426848434,15.061328426848434,0.0,0.0,0.10838321868956147,108.38321868956146
43.0,2.057412608567771,0.0022937082914408153,0.0,103.14204577963066,100.3771770971483,7.708166017988907,0.8,0.8608967997933725,0.6443070202797258,0.41843663065361963,0.31316373662560953,51.18033338599127,0.02771146480833528,0.02771146480833528,0.02771146480833528,0.05008463353237494,0.030535401359447604,0.08945858737770067,89.45858737770067,0.0,0.0,0.015061328426848434,15.061328426848434,0.0,0.0,0.10866155849432965,108.66155849432965
44.0,2.062709801255829,0.00211021162812555,0.0,103.14050351093158,100.21055805957116,7.793089651583837,0.8,0.8384993131251695,0.6430454464729086,0.4065037712113794,0.31174789884714105,50.95067365656359,0.025494547623668457,0.025494547623668457,0.025494547623668457,0.04607786284978495,0.028092569250691795,0.08962989027521306,89.62989027521306,0.0,0.0,0.015061328426848434,15.061328426848434,0.0,0.0,0.10891331184335036,108.91331184335036
45.0,2.0678504657501713,0.001941394697875506,0.0,103.13900681515157,100.044915567554,7.877604146142038,0.8,0.816657207327528,0.6417322651034507,0.3949304946628539,0.3103378487625043,50.72793445699525,0.02345498381377498,0.02345498381377498,0.02345498381377498,0.042391633821802145,0.02584516371063645,0.08978246718278564,89.78246718278564,0.0,0.0,0.015061328426848434,15.061328426848434,0.0,0.0,0.10914059885861696,109.14059885861695
46.0,2.0728475447018018,0.0017860831220454655,0.0,103.13755192405966,99.88012928848796,7.961748813098047,0.8,0.7953699403404447,0.6403725229900367,0.38370884649641035,0.30893372965456567,50.51196269481096,0.02157858510867298,0.02157858510867298,0.02157858510867298,0.039000303116057976,0.023777550613785534,0.08991780828009437,89.91780828009436,0.0,0.0,0.015061328426848434,15.061328426848434,0.0,0.0,0.10934537004167526,109.34537004167525
47.0,2.0777129460109505,0.0016431964722818282,0.0,103.13613537069084,99.71611122698391,8.04556329259896,0.8,0.7746354783398866,0.6389708588594716,0.3728308474118753,0.3075356776720512,50.30260480045534,0.019852298299979143,0.019852298299979143,0.019852298299979143,0.035880278866773335,0.02187534656468269,0.09003728452001473,90.03728452001474,0.0,0.0,0.015061328426848434,15.061328426848434,0.0,0.0,0.10952941984324248,109.52941984324248
48.0,2.082457625608177,0.001511740754499282,0.0,103.13475396524443,99.5527803966118,8.129084069395535,0.8,0.7544504688099416,0.6375315360161481,0.36228850927499956,0.30614382169239024,50.09970703435248,0.018264114435980812,0.018264114435980812,0.018264114435980812,0.033009856557431466,0.020125318839508074,0.09014215716674626,90.14215716674626,0.0,0.0,0.015061328426848434,15.061328426848434,0.0,0.0,0.10969439914725673,109.69439914725673
49.0,2.0870916636129846,0.0013908014941393394,0.0,103.13340477291067,99.39006225913565,8.212344725298788,0.8,0.7348103978886128,0.6360584723978462,0.35207385027669336,0.30475828325467946,49.9031157786604,0.016802985281102346,0.016802985281102346,0.016802985281102346,0.030369068032836948,0.01851529333234743,0.09023358657088694,90.23358657088694,0.0,0.0,0.015061328426848434,15.061328426848434,0.0,0.0,0.10984182675620247,109.84182675620247
50.0,2.0916243343997487,0.0012795373746081922,0.0,103.13208509347113,99.22788820860977,8.295376171440079,0.8,0.715709733311187,0.6345552682269597,0.3421789092526409,0.30337917655230545,49.71267781286633,0.015458746458614158,0.015458746458614158,0.015458746458614158,0.02793954259020999,0.017034069865759636,0.0903126402425018,90.3126402425018,0.0,0.0,0.015061328426848434,15.061328426848434,0.0,0.0,0.10997309995760986,109.97309995760986
51.0,2.0960641710583716,0.0011771743846395366,0.0,103.13079244253112,99.06619509674711,8.378206861950448,0.8,0.6971420541668852,0.6330252314495155,0.33259575913407047,0.3020066084760565,49.52824057266009,0.014222046741925025,0.014222046741925025,0.014222046741925025,0.02570437918299319,0.015671344276498866,0.0903803002783459,90.3803002783459,0.0,0.0,0.015061328426848434,15.061328426848434,0.0,0.0,0.11008950424523427,110.08950424523427
52.0,2.100419024698089,0.001083000433868374,0.0,103.12952453425345,98.90492479625806,8.46086299054563,0.8,0.6791001685850316,0.6314714011389634,0.3233165195133597,0.30064067869968475,49.349652391771656,0.013084283002571024,0.013084283002571024,0.013084283002571024,0.023648028848353733,0.014417636734378956,0.09043747019490944,90.43747019490944,0.0,0.0,0.015061328426848434,15.061328426848434,0.0,0.0,0.11019222226254126,110.19222226254126
53.0,2.1046961190069706,0.0009963603991589038,0.0,103.12827926547354,98.74402379912212,8.543368671384332,0.8,0.6615762203755229,0.6298965690275549,0.3143333683190641,0.29928147980087033,49.17676272666867,0.012037540362365342,0.012037540362365342,0.012037540362365342,0.02175618654048543,0.01326422579562864,0.09048498121481922,90.48498121481923,0.0,0.0,0.015061328426848434,15.061328426848434,0.0,0.0,0.11028234203071277,110.28234203071277
54.0,2.1046961190069706,0.0009963603991589038,0.0,102.33091225140682,98.4009222684046,9.126656331614466,0.8,0.6384210526623796,0.6267470861824171,0.30333170042789687,0.297785072401866,48.96502470332493,0.012037540362365342,0.012037540362365342,0.012037540362365342,0.02175618654048543,0.01326422579562864,0.09048498121481922,90.48498121481923,0.0,0.0,0.015061328426848434,15.061328426848434,0.0,0.0,0.11028234203071277,110.28234203071277
55.0,2.1046961190069706,0.0009963603991589038,0.0,101.54125953118995,98.05943874145191,9.705171028955668,0.8,0.6160763158191963,0.623613350751505,0.2927150909129205,0.2962961470398567,48.76069751079821,0.012037540362365342,0.012037540362365342,0.012037540362365342,0.02175618654048543,0.01326422579562864,0.09048498121481922,90.48498121481923,2.1166472992868033e-16,2.1166472992868033e-13,0.015061328426848434,15.061328426848434,0.0,0.0,0.11028234203071277,110.28234203071277
56.0,2.1046961190069706,0.0009963603991589038,0.0,100.7591279318264,97.71952171874247,10.279037900099597,0.8,0.5945136447655245,0.6204952839977476,0.2824700627309683,0.2948146663046574,48.563521770009935,0.012037540362365342,0.012037540362365342,0.012037540362365342,0.02175618654048543,0.01326422579562864,0.09048498121481922,90.48498121481923,2.1166472992868033e-16,2.1166472992868033e-13,0.015061328426848434,15.061328426848434,0.0,0.0,0.11028234203071277,110.28234203071277
57.0,2.1046961190069706,0.0009963603991589038,0.0,99.98433260430492,97.381121905974,10.848376696622145,0.8,0.5737056671987312,0.6173928075777588,0.27258361053538444,0.29334059297313414,48.37324718014924,0.012037540362365342,0.012037540362365342,0.012037540362365342,0.02175618654048543,0.01326422579562864,0.09048498121481922,90.48498121481923,2.1166472992868033e-16,2.1166472992868033e-13,0.015061328426848434,15.061328426848434,0.0,0.0,0.11028234203071277,110.28234203071277
58.0,2.1046961190069706,0.0009963603991589038,0.0,99.2166965343904,97.04419208359938,11.413302101912677,0.8,0.5536259688467756,0.6143058435398701,0.26304318416664596,0.29187389000826847,48.18963220093367,0.012037540362365342,0.012037540362365342,0.012037540362365342,0.02175618654048543,0.01326422579562864,0.09048498121481922,90.48498121481923,2.1166472992868033e-16,2.1166472992868033e-13,0.015061328426848434,15.061328426848434,0.0,0.0,0.11028234203071277,110.28234203071277
59.0,2.1046961190069706,0.0009963603991589038,0.0,98.45605008990613,96.70868698613027,11.973924024444175,0.8,0.5342490599371384,0.6112343143221707,0.25383667272081334,0.2904145205582271,48.01244374599065,0.012037540362365342,0.012037540362365342,0.012037540362365342,0.02175618654048543,0.01326422579562864,0.09048498121481922,90.48498121481923,2.1166472992868033e-16,2.1166472992868033e-13,0.015061328426848434,15.061328426848434,0.0,0.0,0.11028234203071277,110.28234203071277
60.0,2.1046961190069706,0.0009963603991589038,0.0,97.70223060123405,96.37456319033029,12.530347869507656,0.8,0.5155503428393386,0.6081781427505598,0.2449523891755849,0.28896244795543596,47.84145688697063,0.012037540362365342,0.012037540362365342,0.012037540362365342,0.02175618654048543,0.01326422579562864,0.09048498121481922,90.48498121481923,2.1166472992868033e-16,2.1166472992868033e-13,0.015061328426848434,15.061328426848434,1.6359933523839358e-17,1.635993352383936e-14,0.11028234203071277,110.28234203071277
61.0,2.1046961190069706,0.0009963603991589038,0.0,96.95508197210096,96.0417790115116,13.08267479131253,0.8,0.4975060808399618,0.605137252036807,0.23637905555443944,0.2875176357156588,47.676454568016325,0.012037540362365342,0.012037540362365342,0.012037540362365342,0.02175618654048543,0.01326422579562864,0.09048498121481922,90.48498121481923,2.1166472992868033e-16,2.1166472992868033e-13,0.015061328426848434,15.061328426848434,1.6359933523839358e-17,1.635993352383936e-14,0.11028234203071277,110.28234203071277
62.0,2.1046961190069706,0.0009963603991589038,0.0,96.21445431802015,95.71029440722936,13.631001927159083,0.8,0.4800933680105631,0.602111565776623,0.22810578861003405,0.2860800475370805,47.51722733022541,0.012037540362365342,0.012037540362365342,0.012037540362365342,0.02175618654048543,0.01326422579562864,0.09048498121481922,90.48498121481923,2.1166472992868033e-16,2.1166472992868033e-13,0.015061328426848434,15.061328426848434,1.6359933523839358e-17,1.635993352383936e-14,0.11028234203071277,110.28234203071277
63.0,2.1046961190069706,0.0009963603991589038,0.0,95.48020363002392,95.3800708877402,14.175422615216672,0.8,0.4632901001301934,0.5991010079477398,0.22012208600868285,0.28464964729939507,47.36357304575718,0.012037540362365342,0.012037540362365342,0.012037540362365342,0.02175618654048543,0.01326422579562864,0.09048498121481922,90.48498121481923,2.1166472992868033e-16,2.1166472992868033e-13,0.015061328426848434,15.061328426848434,1.6359933523839358e-17,1.635993352383936e-14,0.11028234203071277,110.28234203071277
64.0,2.1046961190069706,0.0009963603991589038,0.0,94.7521914615578,95.05107143265393,14.716026597288417,0.8,0.4470749466256366,0.5961055029080011,0.21241781299837895,0.2832263990628981,47.21529666124533,0.012037540362365342,0.012037540362365342,0.012037540362365342,0.02175618654048543,0.01326422579562864,0.09048498121481922,90.48498121481923,4.150088390068884e-16,4.1500883900688836e-13,0.015061328426848434,15.061328426848434,1.6359933523839358e-17,1.635993352383936e-14,0.11028234203071277,110.28234203071277
65.0,2.1046961190069706,0.0009963603991589038,0.0,94.03028463661616,94.72326041326384,15.252900207807766,0.8,0.43142732349373936,0.5931249753934611,0.2049831895434357,0.2818102670675836,47.07220995019141,0.012037540362365342,0.012037540362365342,0.012037540362365342,0.02175618654048543,0.01326422579562864,0.09048498121481922,90.48498121481923,4.150088390068884e-16,4.1500883900688836e-13,0.015061328426848434,15.061328426848434,2.4819282866768652e-17,2.4819282866768652e-14,0.11028234203071277,110.28234203071277
66.0,2.1046961190069706,0.0009963603991589038,0.0,93.31435497738455,94.39660352009092,15.786126550191883,0.8,0.41632736717145846,0.5901593505164938,0.19780877790941545,0.2804012157322457,46.93413127402437,0.012037540362365342,0.012037540362365342,0.012037540362365342,0.02175618654048543,0.01326422579562864,0.09048498121481922,90.48498121481923,4.150088390068884e-16,4.1500883900688836e-13,0.015061328426848434,15.061328426848434,2.4819282866768652e-17,2.4819282866768652e-14,0.11028234203071277,110.28234203071277
67.0,2.1046961190069706,0.0009963603991589038,0.0,92.60427904981898,94.07106769522119,16.315785661569738,0.8,0.4017559093204574,0.5872085537639113,0.1908854706825859,0.27899920965358443,46.80088535152317,0.012037540362365342,0.012037540362365342,0.012037540362365342,0.02175618654048543,0.01326422579562864,0.09048498121481922,90.48498121481923,4.150088390068884e-16,4.1500883900688836e-13,0.015061328426848434,15.061328426848434,2.4819282866768652e-17,2.4819282866768652e-14,0.11028234203071277,110.28234203071277
68.0,2.1046961190069706,0.0009963603991589038,0.0,91.89993792573978,93.74662106905546,16.84195466680724,0.8,0.3876944524942414,0.5842725109950918,0.1842044792086954,0.27760421360531656,46.672303036309515,0.012037540362365342,0.012037540362365342,0.012037540362365342,0.02175618654048543,0.01326422579562864,0.09048498121481922,90.48498121481923,4.150088390068884e-16,4.1500883900688836e-13,0.015061328426848434,15.061328426848434,2.363968558067455e-16,2.363968558067455e-13,0.11028234203071277,110.28234203071277
69.0,2.1046961190069706,0.0009963603991589038,0.0,91.20121696014917,93.42323290112569,17.364707922666433,0.8,0.37412514665694296,0.5813511484401164,0.17775732243639106,0.27621619253728996,46.54822110212834,0.012037540362365342,0.012037540362365342,0.012037540362365342,0.02175618654048543,0.01326422579562864,0.09048498121481922,90.48498121481923,4.150088390068884e-16,4.1500883900688836e-13,0.015061328426848434,15.061328426848434,2.363968558067455e-16,2.363968558067455e-13,0.11028234203071277,110.28234203071277
70.0,2.1046961190069706,0.0009963603991589038,0.0,90.5080055825994,93.10087352466365,17.884117152859414,0.8,0.36103076652394994,0.5784443926979158,0.17153581615111738,0.27483511157460355,46.428482035643505,0.012037540362365342,0.012037540362365342,0.012037540362365342,0.02175618654048543,0.01326422579562864,0.09048498121481922,90.48498121481923,4.150088390068884e-16,4.1500883900688836e-13,0.015061328426848434,15.061328426848434,2.363968558067455e-16,2.363968558067455e-13,0.11028234203071277,110.28234203071277
71.0,2.1046961190069706,0.0009963603991589038,0.0,89.8201971015436,92.7795142946365,18.400251574689285,0.8,0.3483946896956117,0.5755521707344262,0.16553206258582825,0.2734609360167305,46.312933836485634,0.012037540362365342,0.012037540362365342,0.012037540362365342,0.02175618654048543,0.01326422579562864,0.09048498121481922,90.48498121481923,4.150088390068884e-16,4.1500883900688836e-13,0.015061328426848434,15.061328426848434,2.363968558067455e-16,2.363968558067455e-13,0.11028234203071277,110.28234203071277
72.0,2.1046961190069706,0.0009963603991589038,0.0,89.13768852069644,92.45912753898831,18.913178017908944,0.8,0.3362008755562653,0.5726744098807541,0.15973844039532428,0.2720936313366469,46.2014298242983,0.012037540362365342,0.012037540362365342,0.012037540362365342,0.02175618654048543,0.01326422579562864,0.09048498121481922,90.48498121481923,4.150088390068884e-16,4.1500883900688836e-13,0.015061328426848434,15.061328426848434,2.363968558067455e-16,2.363968558067455e-13,0.11028234203071277,110.28234203071277
