t_h,X_gDW_L,N_gN_L,G_g_L,F_g_L,E_g_L,O2_g_L,Prot_g_L
0.0,0.5,0.14,110.0,110.0,0.0,0.0,0.23
1.0,0.5393330919186352,0.13640965254583762,109.73627438077007,109.86454994996289,0.15948411056520692,0.0,0.2469432222825722
2.0,0.5816628780928608,0.132545947824226,109.45263983855656,109.71870451924863,0.33115831410463314,0.0,0.2651802078113031
3.0,0.6271960229286703,0.1283900758811307,109.1477179791163,109.5617194030813,0.515872318056293,0.0,0.2847995533967189
4.0,0.676147847843149,0.12392245079093232,108.82005930127632,109.39280881110628,0.7145140016082747,0.0,0.30589339509039554
5.0,0.7287408661972757,0.119122848410958,108.46814525804612,109.21114636583359,0.9280043421639249,0.0,0.32855671655784185
6.0,0.7852024919646673,0.11397062089050947,108.09039231632684,109.0158672728667,1.1572892787538036,0.0,0.3528862808280528
7.0,0.8457615714130221,0.10844502048413486,107.68515875077208,108.80607229993488,1.4033272057294528,0.0,0.37897902597015576
8.0,0.9106432197199289,0.10252568075711904,107.25075521225563,108.5808343453376,1.667070167954629,0.0,0.40692968906148214
9.0,0.9800611815141202,0.09619332768804194,106.7854605762882,108.33920875361844,1.9494358523483468,0.0,0.43682730304150275
10.0,1.0542065104738134,0.08943083254266525,106.2875453054857,108.08024913584867,2.2512658984038185,0.0,0.4687500178477541
11.0,1.133230660110973,0.0822247837038851,105.75530573750387,107.80303143270861,2.573263445520583,0.0,0.5027573765916087
12.0,1.2172198747792582,0.07456786643496262,105.18711467493596,107.50669061461642,2.9158983821550053,0.0,0.5388786284560619
13.0,1.3061556392973597,0.0664625375745842,104.5814970516411,107.19047730779137,3.2792608844438007,0.0,0.5770946869921083
14.0,1.3998520307738354,0.05792684607262018,103.93724555247961,106.85384688687051,3.6628293733471047,0.0,0.6173095536363266
15.0,1.4978533439923978,0.04900394499965313,103.2536024641162,106.49660348015516,4.065091449028438,0.0,0.6593036099486836
16.0,1.5992605818003789,0.03977821503255076,102.5305561577715,106.11914072048558,4.482901874738177,0.0,0.7026544212906116
17.0,1.702425498515773,0.030403700436874716,101.76934473523856,105.72285999460259,4.9103515139255896,0.0,0.7465970108732398
18.0,1.8043918465679563,0.021156049184725086,100.97334640673047,105.31092373316902,5.3367036426882715,0.0,0.7897685459228779
19.0,1.8998708355226106,0.012527761067007344,100.14968060210452,104.8896254976012,5.742612024309293,0.0,0.8297400381124045
20.0,1.979605421915287,0.005380218123126061,99.31183422545536,104.47061335961548,6.0940751904212656,0.0,0.8622692476624736
21.0,2.029915988659127,0.0009854217226757372,98.48145075183936,104.07200487252324,6.340918544295841,0.0,0.8811007621263275
22.0,2.0446357486875386,0.0,97.67603399197684,103.70537364895506,6.518916818007149,0.0,0.8834663479287652
23.0,2.0446357486875386,0.0,96.88098019468241,103.34885337921003,7.107884349130262,0.0,0.8790490161891213
24.0,2.0446357486875386,0.0,96.09399219779262,102.99409853595385,7.691823742162129,0.0,0.8746537711081758
25.0,2.0446357486875386,0.0,95.31485995458175,102.6410508249298,8.270872238927188,0.0,0.8702805022526349
26.0,2.0446357486875386,0.0,94.54338284767798,102.28965455212028,8.84516092876701,0.0,0.8659290997413717
27.0,2.0446357486875386,0.0,93.77936911242773,101.93985646365353,9.414815125337118,0.0,0.8615994542426648
28.0,2.0446357486875386,0.0,93.02263530499356,101.59160559817492,9.979954714150054,0.0,0.8572914569714515
29.0,2.0446357486875386,0.0,92.2730058110148,101.24485315051805,10.540694473593579,0.0,0.8530049996865943
30.0,2.0446357486875386,0.0,91.5303123911123,100.8995523456375,11.097144371856809,0.0,0.8487399746881613
31.0,2.0446357486875386,0.0,90.79439375991532,100.55565832187598,11.649409841937606,0.0,0.8444962748147206
32.0,2.0446357486875386,0.0,90.06509519563704,100.21312802273604,12.197592036676358,0.0,0.840273793440647
33.0,2.0446357486875386,0.0,89.34226817753239,99.8719200964123,12.741788065560392,0.0,0.8360724244734438
34.0,2.0446357486875386,0.0,88.62577004884264,99.53199480241595,13.282091214865973,0.0,0.8318920623510766
35.0,2.0446357486875386,0.0,87.91546370307108,99.19331392469033,13.81859115254793,0.0,0.8277326020393212
36.0,2.0446357486875386,0.0,87.21121729164638,98.85584069067545,14.351374119148005,0.0,0.8235939390291246
37.0,2.0446357486875386,0.0,86.51290395121893,98.51953969583248,14.880523105869603,0.0,0.8194759693339789
38.0,2.0446357486875386,0.0,85.8204015490033,98.1843768331856,15.406118020856796,0.0,0.815378589487309
39.0,2.0446357486875386,0.0,85.13359244472922,97.85031922748074,15.92823584461764,0.0,0.8113016965398725
40.0,2.0446357486875386,0.0,84.45236326789747,97.5173351735979,16.446950775444492,0.0,0.8072451880571732
41.0,2.0446357486875386,0.0,83.77660470915595,97.18539407888687,16.96233436560589,0.0,0.8032089621168873
42.0,2.0446357486875386,0.0,83.10621132471847,96.8544664091265,17.47445564901465,0.0,0.7991929173063028
43.0,2.0446357486875386,0.0,82.44108135284473,96.52452363783387,17.98338126101397,0.0,0.7951969527197713
44.0,2.0446357486875386,0.0,81.78111654148596,96.19553819867424,18.48917555086701,0.0,0.7912209679561725
45.0,2.0446357486875386,0.0,81.12622198627862,95.86748344074417,18.991900687484613,0.0,0.7872648631163917
46.0,2.0446357486875386,0.0,80.47630597813827,95.54033358651937,19.4916167588801,0.0,0.7833285388008097
47.0,2.0446357486875386,0.0,79.83127985976874,95.21406369227724,19.98838186579876,0.0,0.7794118961068056
48.0,2.0446357486875386,0.0,79.19105789045928,94.88864961081899,20.48225220993239,0.0,0.7755148366262716
49.0,2.0446357486875386,0.0,78.5555571185933,94.56406795633141,20.97328217709538,0.0,0.7716372624431402
50.0,2.0446357486875386,0.0,77.92469726133979,94.2402960712411,21.461524415708357,0.0,0.7677790761309246
51.0,2.0446357486875386,0.0,77.29840059104038,93.91731199492565,21.94702991090748,0.0,0.7639401807502699
52.0,2.0446357486875386,0.0,76.67659182784405,93.59509443415733,22.429848054572435,0.0,0.7601204798465185
53.0,2.0446357486875386,0.0,76.05919803817628,93.27362273516448,22.910026711543008,0.0,0.7563198774472859
54.0,2.0446357486875386,0.0,75.4461485386615,92.9528768572046,23.387612282273455,0.0,0.7525382780600495
55.0,2.0446357486875386,0.0,74.83737480514701,92.63283734755142,23.862649762154618,0.0,0.7487755866697492
56.0,2.0446357486875386,0.0,74.23281038650254,92.31348531780554,24.3351827977165,0.0,0.7450317087364005
57.0,2.0446357486875386,0.0,73.6323908228949,91.99480242144512,24.805253739908032,0.0,0.7413065501927184
58.0,2.0446357486875386,0.0,73.03605356825842,91.67677083253893,25.27290369463627,0.0,0.7376000174417549
59.0,2.0446357486875386,0.0,72.44373791670284,91.35937322555047,25.73817257073392,0.0,0.733912017354546
60.0,2.0446357486875386,0.0,71.85538493261882,91.04259275616606,26.2010991255119,0.0,0.7302424572677733
61.0,2.0446357486875386,0.0,71.27093738425826,90.7264130430856,26.661721008042456,0.0,0.7265912449814343
62.0,2.0446357486875386,0.0,70.69033968058261,90.41081815071824,27.120074800308064,0.0,0.7229582887565271
63.0,2.0446357486875386,0.0,70.1135378111864,90.09579257272978,27.576196056341857,0.0,0.7193434973127445
64.0,2.0446357486875386,0.0,69.54047928911703,89.78132121639197,28.030119339476677,0.0,0.7157467798261807
65.0,2.0446357486875386,0.0,68.97111309642368,89.46738938768763,28.481878257811807,0.0,0.7121680459270499
66.0,2.0446357486875386,0.0,68.40538963227974,89.1539827771282,28.931505497999023,0.0,0.7086072056974146
67.0,2.0446357486875386,0.0,67.84326066353361,88.84108744624375,29.379032857442844,0.0,0.7050641696689276
68.0,2.0446357486875386,0.0,67.28467927755219,88.52868981470768,29.82449127500353,0.0,0.7015388488205829
69.0,2.0446357486875386,0.0,66.72959983723028,88.21677664806118,30.267910860285554,0.0,0.69803115457648
70.0,2.0446357486875386,0.0,66.1779779380477,87.90533504600471,30.7093209215889,0.0,0.6945409988035977
71.0,2.0446357486875386,0.0,65.62977036706302,87.59435243122552,31.148749992595608,0.0,0.6910682938095797
72.0,2.0446357486875386,0.0,65.0849350637402,87.2838165387329,31.586225857859223,0.0,0.6876129523405318
