t_h,X_gDW_L,N_gN_L,N_free_gN_L,N_from_AA_gN_L,N_rec_gN_L,N_in_Prot_gN_L,N_total_system_gN_L,G_g_L,F_g_L,E_g_L,O2_g_L,Prot_g_L,Carb_g_L,P_frac_gProt_gDW,C_frac_gCarb_gDW,GAM_mmol_gDW,fe_idx,cp_idx,AA_phe_mmol_L,AA_phe_g_L,AA_leu_mmol_L,AA_leu_g_L,AA_val_mmol_L,AA_val_g_L,AA_met_mmol_L,AA_met_g_L,AA_tyr_mmol_L,AA_tyr_g_L,pea_g_L,pea_mg_L,isoamyl_g_L,isoamyl_mg_L,isobutanol_g_L,isobutanol_mg_L,methionol_g_L,methionol_mg_L,tyrosol_g_L,tyrosol_mg_L,ethyl_acetate_g_L,ethyl_acetate_mg_L
0.0,0.8906399999999999,0.09423999999999999,0.047119999999999995,0.047119999999999995,0.0,0.065551104,0.159791104,65.07,67.57,8.273426235211605,0.0,0.40969439999999996,0.32953679999999996,0.46,0.37,51.98026170194909,-1,-1,0.6728064539158991,0.11114089812236738,0.6728064539158991,0.0882520225601485,0.6728064539158991,0.07881927607624759,0.6728064539158991,0.10038945098879132,0.6728064539158991,0.12190580138502176,0.0,0.0,0.0,0.0,0.0,0.0,0.0,0.0,0.0,0.0,0.0,0.0
2.2482398729643602,0.8481249789853872,0.09816650841883269,0.04925538800166837,0.04891112041716432,0.0,0.05503269952610694,0.15319920794493963,64.35006000599138,67.17494506610956,8.859546377456706,0.0,0.34395437203816837,0.31035366416038723,0.40554680095572865,0.36592916356698235,50.932255813711514,0,0,0.7039579918083031,0.11628682066681359,0.7039579918083031,0.09233816978549512,0.7040798318679652,0.08248295230333212,0.6759516983231972,0.10085875290680427,0.7039579918083031,0.12755014853574642,0.0,0.0,0.0,0.0,0.0,0.0,0.0,0.0,0.0,0.0,0.00011209690847235902,0.11209690847235902
9.35176012703564,1.1486785528403338,0.07059560857313832,0.03254719883945512,0.038048409733683196,0.0,0.12237597897781229,0.19297158755095062,61.759414940773304,65.72138804124965,10.811324814010913,0.0,0.7648498686113268,0.4092347623857861,0.6658519624311648,0.35626569450075707,55.942087132218596,0,1,0.5200706632813543,0.08591047286744692,0.5200706632813543,0.06821766890261526,0.5182588412497546,0.06071402325240876,0.6379145286322621,0.09518322681721983,0.5200706632813543,0.09423160347994858,0.012787972763368056,12.787972763368057,0.0,0.0,0.0,0.0,0.0,0.0,0.016924976372295456,16.924976372295458,0.0004853793005817386,0.4853793005817386
14.5,1.539334485683797,0.03519165200336219,0.0071013218953455,0.028090330108016693,0.0,0.20978675533559224,0.24497840733895443,59.37849681476601,64.36331698937298,12.564152520235712,0.0,1.3111672208474514,0.5422214504219568,0.851775382830464,0.35224407395842455,59.520367981821586,0,2,0.3650811050865895,0.060307747749253716,0.3650811050865895,0.04788768855420795,0.3582760738827312,0.04197204205536196,0.5519300367171913,0.08235348077857212,0.3650811050865895,0.06614904543063914,0.023523511708217384,23.523511708217384,0.0,0.0,0.0,0.0,0.0,0.0,0.03201458871872534,32.01458871872534,0.0008206118796906318,0.8206118796906318
16.748239872964362,1.595876273647294,0.030668241455616054,0.0071013218953455,0.023566919560270554,0.0,0.22047098711803628,0.25113922857365234,58.27420146505641,63.79576377318385,13.396261198187986,0.0,1.3779436694877267,0.5567975434482544,0.8634401627755932,0.3488976887761618,59.74486825512147,1,0,0.30371227882601814,0.05017023133926994,0.30371227882601814,0.039837939613608805,0.2980511489959335,0.03491669210487361,0.4733221566171489,0.07062439898884479,0.30371227882601814,0.055029627800486224,0.02951589693914638,29.51589693914638,0.0,0.0,0.0017192545509109427,1.7192545509109427,0.0,0.0,0.039609741822833715,39.60974182283371,0.000979754696305294,0.979754696305294
23.85176012703564,1.711690641974605,0.02224386124487035,0.0071013218953455,0.015142539349524852,0.0,0.23740372172103577,0.2596475829659061,54.36011358424977,61.75522617703171,16.403415093282064,0.0,1.4837732607564735,0.5763770690902829,0.866846627755582,0.33672969575003037,59.810429056318846,1,1,0.19693496091631466,0.03253168619376602,0.19693496091631466,0.025831958823392995,0.19326413672000828,0.02264089361674897,0.29700039935912315,0.04431542958837477,0.19693496091631466,0.03568264556842705,0.03948591258975608,39.48591258975608,0.0,0.0,0.0035507754907613993,3.5507754907613993,0.0,0.0,0.05240022459823075,52.40022459823075,0.001554880222019944,1.5548802220199438
29.0,1.752893144643273,0.020203760902660097,0.0071013218953455,0.013102439007314597,0.0,0.23765610966031125,0.2578598705629713,51.128044352889084,60.015527702320846,18.93933438897067,0.0,1.4853506853769454,0.5716949794916445,0.8473709249854049,0.32614365641094956,59.43559981691794,1,2,0.17968480701017234,0.029682133270010368,0.17968480701017234,0.023569256135524307,0.17633552187454896,0.020657706387603413,0.22003084722234156,0.032830802714045586,0.17968480701017234,0.03255709018217312,0.04093924283554079,40.93924283554079,0.0,0.0,0.0034466949447911443,3.4466949447911444,0.0,0.0,0.05432016324269058,54.32016324269058,0.002039880979873478,2.039880979873478
31.248239872964362,1.9540712239707034,0.10119066449322668,0.09028295685605432,0.010907707637172357,0.005691406453722667,0.27600173744607875,0.3828838083930281,49.78233960881459,59.16717284954081,19.972842531850564,0.0,1.7250108590379922,0.6392626821164339,0.8827778833633009,0.3271440028769484,60.11704189040291,2,0,0.1494804344764139,0.024692672971158812,0.1494804344764139,0.019607348590271214,0.14669415217693138,0.01718521992752751,0.18359715217367673,0.027394531075834307,0.1494804344764139,0.027084359922781433,0.04093924283554079,40.93924283554079,0.0,0.0,0.0034466949447911443,3.4466949447911444,0.0,0.0,0.05432016324269058,54.32016324269058,0.0022375419359601883,2.2375419359601882
38.35176012703564,2.830440827676582,0.01840771047896682,0.01144594411936839,0.00696176635959843,0.0,0.48340948316459914,0.5018171936435659,44.57018603843379,55.76858951308428,23.949272429204605,0.0,3.0213092697787447,0.9362711216708743,1.0674341750005212,0.3307863257609343,65.78809762576788,2,1,0.09692701143054493,0.016011373018211716,0.09692701143054493,0.012713916089344579,0.09512031333499396,0.011143344707194544,0.11111916780125948,0.016580091027625928,0.09692701143054493,0.017562205201100436,0.04093924283554079,40.93924283554079,0.0,0.0,0.0034466949447911443,3.4466949447911444,0.0,0.0,0.05432016324269058,54.32016324269058,0.002998043864017198,2.9980438640171982
43.5,3.1535227532031462,0.006280402105053852,0.0,0.006280402105053852,0.026602969049328046,0.5095660192940883,0.5424493904484702,40.58620082752716,53.27097305267425,27.10066619943766,0.0,3.1847876205880516,1.030866839483473,1.0099142672597332,0.32689373762608326,63.968221053879255,2,2,0.08843686901469516,0.014608886392537494,0.08843686901469516,0.011600264108657565,0.08678842529949991,0.010167264023836416,0.09627693003621413,0.01436548073070351,0.08843686901469516,0.016023876296772616,0.04093924283554079,40.93924283554079,0.0,0.0,0.0034466949447911443,3.4466949447911444,0.0,0.0,0.05432016324269058,54.32016324269058,0.0036007556180767475,3.6007556180767475
45.74823987296436,3.1743867829722903,0.005420937238807056,0.0,0.005420937238807056,0.026602969049328046,0.5087157212079978,0.5407396274961329,38.992898146390424,52.28007172200568,28.421424522702225,0.0,3.179473257549986,1.0270188207896758,1.0016023487134524,0.32353298164505395,63.70523965450026,3,0,0.07421358798356582,0.012259342599005239,0.07357094806185785,0.009650301257273895,0.07231158704931129,0.008471302422826817,0.09334922346802751,0.013928637633664386,0.07357094806185785,0.013330320079328023,0.042218196675909536,42.21819667590954,0.0,0.0,0.0034661563769827677,3.4661563769827675,0.0,0.0,0.05606702322636679,56.067023226366786,0.0038533538726086354,3.8533538726086354
52.85176012703564,3.2286771971228885,0.0037844106500988634,0.0,0.0037844106500988634,0.026602969049328046,0.5033645717578897,0.5337519514573166,34.07777568759543,49.029190348565194,32.60026239808674,0.0,3.1460285734868108,1.0108260620026515,0.9744017073897239,0.3130774618482796,62.844636572372984,3,1,0.04899319140800807,0.008093185288688853,0.047705321092526703,0.0062575069677067285,0.04443804959938366,0.005205917510567796,0.08133807326495926,0.012136453911864572,0.047705321092526703,0.008643727128754913,0.04403581606586878,44.03581606586878,0.0,0.0,0.0034856962579211032,3.485696257921103,0.0,0.0,0.058677374499407374,58.67737449940737,0.004652566820731339,4.652566820731339
58.0,3.259618671764682,0.003388318767828675,0.0,0.003388318767828675,0.026602969049328046,0.4975727804781602,0.5275640682953169,30.703700197805603,46.64309710960383,35.550544345273664,0.0,3.1098298779885014,0.9962359499671775,0.9540471420557031,0.30562959974328485,62.20063698966688,3,2,0.0447556891693974,0.007393192293892756,0.04352666166527693,0.005709392210634375,0.03900914566747633,0.004569921414944853,0.07108366005408127,0.010606392916669467,0.04352666166527693,0.007886595827131526,0.044188876277407585,44.18887627740759,0.0,0.0,0.003483914287420078,3.483914287420078,0.0,0.0,0.058951126113901915,58.951126113901914,0.005216815447531078,5.2168154475310775
60.24823987296436,3.2740034001099527,0.0029753088360611776,0.0,0.0029753088360611776,0.03162595169684533,0.490319522255748,0.5249207827886545,29.299508059577203,45.62888979985433,36.78808783007515,0.0,3.064497014098425,0.9903879361677761,0.9360091116568505,0.3025005826611284,61.62993042536187,4,0,0.03876177403235883,0.0064030574524053556,0.03620998572608938,0.004749663827691145,0.03245184798844997,0.003801733991846914,0.06878225831977158,0.010263000763893118,0.03620998572608938,0.006560887313710135,0.044616633429888385,44.61663342988838,0.0,0.0,0.003483914287420078,3.483914287420078,0.0,0.0,0.059797593379929306,59.7975933799293,0.005453498661001576,5.453498661001576
67.35176012703565,3.3250279478416633,0.0021688481417677136,0.0,0.0021688481417677136,0.017823410504622352,0.4985461066026658,0.5185383652490558,25.10025677576798,42.467605308784265,40.55970626305512,0.0,3.1159131662666613,0.9743481057950416,0.9371088649914229,0.29303456123654803,61.66472560162439,4,1,0.026219802210004313,0.004331249127070612,0.02347949892349506,0.0030798058737948474,0.02104262442062349,0.002465143450876042,0.06061887978223169,0.00904494305230679,0.02347949892349506,0.00425425040994807,0.04514762096206839,45.14762096206839,0.0,0.0,0.003483914287420078,3.483914287420078,0.0,0.0,0.06054239006370656,60.54239006370656,0.006174829896360519,6.174829896360519
72.5,3.342235662675252,0.0020082668169938513,0.0,0.0020082668169938513,0.050081568406752444,0.45769078334654995,0.5097806185702962,22.276160662106772,40.19859039862539,43.167371111136646,0.0,2.860567395915937,0.9557635972549355,0.8558844093076999,0.28596535185370686,59.59945027668486,4,2,0.023464965372440274,0.003876177629873409,0.021422855612501113,0.002810035970691771,0.019199434627628065,0.002249213766626628,0.057865830589297354,0.008634160582229058,0.021422855612501113,0.0038816072084290765,0.045159855852100264,45.159855852100264,0.0,0.0,0.003483914287420078,3.483914287420078,0.0,0.0,0.06098756785244503,60.98756785244503,0.006673552166307261,6.67355216630726
74.74823987296436,3.3545190508127534,0.0018081909127765244,0.0,0.0018081909127765244,0.05468734809396471,0.4508129244412332,0.5073084634479744,21.07864168643911,39.20073120897094,44.29191573434152,0.0,2.8175807777577075,0.9495951634483988,0.8399358403032611,0.2830793771221317,59.292504229088536,5,0,0.021575685947247705,0.0035640875616258483,0.017821750308031663,0.0023376789879045136,0.0159720784277375,0.001871128987809448,0.05590068280480529,0.008340940881304998,0.017821750308031663,0.003229122938312257,0.045159855852100264,45.159855852100264,0.0,0.0,0.003483914287420078,3.483914287420078,0.0,0.0,0.061320478170115475,61.32047817011547,0.0068886240715613995,6.8886240715613996
81.85176012703565,3.4018872138293617,0.0013458137401447371,0.0,0.0013458137401447371,0.042031229545262824,0.45846163944861185,0.5018386827340194,17.41447193183387,35.90029010099613,47.862640867183956,0.0,2.865385246553824,0.9336744810566621,0.8422928411340187,0.2744578001472494,59.33786705060443,5,1,0.014290098713931554,0.0023605814065543536,0.011556087603501485,0.0015158120109512899,0.010356712125954832,0.0012132888255556086,0.048322526064536145,0.007210204114089439,0.011556087603501485,0.002093847512878434,0.045159855852100264,45.159855852100264,0.0,0.0,0.003483914287420078,3.483914287420078,0.0,0.0,0.06140961635321204,61.409616353212044,0.007571533972700419,7.571533972700419
87.0,3.418504159570194,0.0012317140118959554,0.0,0.0012317140118959554,0.07161006324598297,0.42118676880376177,0.4940285460616407,14.9572449915572,33.45938775151697,50.370772632203305,0.0,2.632417305023511,0.9159646509825361,0.7700494667101657,0.2679431143642954,57.947471571345346,5,2,0.01173428485001479,0.0019383865143739432,0.010543853469014956,0.0013830372595306918,0.009449535069615666,0.0011070130334054752,0.04566407761838415,0.006813537021439099,0.010543853469014956,0.0019104408100508198,0.045159855852100264,45.159855852100264,0.0,0.0,0.003483914287420078,3.483914287420078,0.0,0.0,0.06180467547326777,61.80467547326777,0.008051220297458082,8.051220297458082
89.24823987296436,3.4349181785130183,0.001083775575096974,0.0,0.001083775575096974,0.06405544387869251,0.42786125511452006,0.49300047456830953,13.936993972244089,32.40860078249273,51.43341377720099,0.0,2.6741328444657504,0.9117718553825851,0.7785142776307373,0.265442088573211,58.11038526316287,6,0,0.009516486630223827,0.001572028426446674,0.008569590400408953,0.0011240731728216424,0.007680175493606463,0.0008997325590759972,0.043038011226631444,0.006421701655125678,0.008569590400408953,0.001552724084650098,0.045159855852100264,45.159855852100264,0.0,0.0,0.003483914287420078,3.483914287420078,0.0,0.0,0.06170491634991991,61.70491634991991,0.008254453011340751,8.254453011340752
96.35176012703565,3.4513983621246043,0.000935240800636755,0.0,0.000935240800636755,0.11675957592732142,0.36412500754230026,0.4818198242702584,10.971281402157329,29.149980408449323,54.61968811957311,0.0,2.2757812971393765,0.8858348293132194,0.659379491545698,0.2566596887320533,55.81751800279241,6,1,0.007289748498452563,0.001204193554459379,0.006587369106432491,0.0008640652056907499,0.005903683655189494,0.0006916165402054492,0.04040135919990654,0.006028286806218055,0.006587369106432491,0.001193565408394503,0.045159855852100264,45.159855852100264,0.0,0.0,0.003483914287420078,3.483914287420078,0.0,0.0,0.06245218829618441,62.45218829618441,0.008863835759998029,8.863835759998029
101.5,3.4498954255847143,0.0009487866654912972,0.0,0.0009487866654912972,0.1836400675290224,0.28618510381570517,0.4707739580102189,9.072891069684129,26.749540745245433,56.81738101422933,0.0,1.7886568988481573,0.8624430970610893,0.518466990501604,0.2499910839804415,53.105516992522475,6,2,0.007492819421803965,0.001237738840287797,0.00676814092809902,0.0008877770455387485,0.006065693652147063,0.0007105960113490285,0.040641812872470845,0.006064164898701375,0.00676814092809902,0.0012263194547622613,0.045159855852100264,45.159855852100264,0.0,0.0,0.003483914287420078,3.483914287420078,0.0,0.0,0.06337898767145575,63.37898767145575,0.009284149892726832,9.284149892726832
103.74823987296436,3.4498954255847143,0.0009487866654912972,0.0,0.0009487866654912972,0.20214525911059564,0.26455166672791175,0.46764571250399867,8.290097425199406,25.71087573981901,57.74870973756255,0.0,1.6534479170494485,0.8528026933888164,0.4792747933132523,0.24719667937304998,52.351224239346166,7,0,0.007492819421803965,0.001237738840287797,0.00676814092809902,0.0008877770455387485,0.006065693652147063,0.0007105960113490285,0.040641812872470845,0.006064164898701375,0.00676814092809902,0.0012263194547622613,0.045159855852100264,45.159855852100264,0.0,0.0,0.003483914287420078,3.483914287420078,0.0,0.0,0.06375138439070939,63.75138439070939,0.009462268785309619,9.462268785309618
110.85176012703565,3.4498954255847143,0.0009487866654912972,0.0,0.0009487866654912972,0.2506419161046658,0.20784331642614148,0.45943401919629856,6.127150440219355,22.542750755298552,60.47453634449353,0.0,1.2990207276633843,0.8230591087401832,0.3765391605872275,0.23857508915670536,50.3739749699111,7,1,0.007492819421803965,0.001237738840287797,0.00676814092809902,0.0008877770455387485,0.006065693652147063,0.0007105960113490285,0.040641812872470845,0.006064164898701375,0.00676814092809902,0.0012263194547622613,0.045159855852100264,45.159855852100264,0.0,0.0,0.003483914287420078,3.483914287420078,0.0,0.0,0.06484132058639037,64.84132058639038,0.009983589780179792,9.983589780179791
116.0,3.4498954255847143,0.0009487866654912972,0.0,0.0009487866654912972,0.27632128341502515,0.17780054470155154,0.455070614782068,4.896724052437783,20.319818806106635,62.240270533047585,0.0,1.111253404384697,0.802182580788624,0.3221121997332292,0.2325237382094456,49.32647406170014,7,2,0.007492819421803965,0.001237738840287797,0.00676814092809902,0.0008877770455387485,0.006065693652147063,0.0007105960113490285,0.040641812872470845,0.006064164898701375,0.00676814092809902,0.0012263194547622613,0.045159855852100264,45.159855852100264,0.0,0.0,0.003483914287420078,3.483914287420078,0.0,0.0,0.06554735874711998,65.54735874711997,0.01032129075555096,10.32129075555096
118.24823987296436,3.4498954255847143,0.0009487866654912972,0.0,0.0009487866654912972,0.28781153880568683,0.1643601634703418,0.4531204889415199,4.38013139291656,19.38562328221984,62.98207200449258,0.0,1.0272510216896362,0.7932157701966897,0.29776294494941974,0.22992458389148113,48.85784847430568,8,0,0.007492819421803965,0.001237738840287797,0.00676814092809902,0.0008877770455387485,0.006065693652147063,0.0007105960113490285,0.040641812872470845,0.006064164898701375,0.00676814092809902,0.0012263194547622613,0.045159855852100264,45.159855852100264,0.0,0.0,0.003483914287420078,3.483914287420078,0.0,0.0,0.06584397199158873,65.84397199158873,0.01046316209839667,10.46316209839667
125.35176012703565,3.4498954255847143,0.0009487866654912972,0.0,0.0009487866654912972,0.3179211721904077,0.1291285059230148,0.4479984647789138,3.0293153020740573,16.446016805307366,65.17580490794452,0.0,0.8070531620188425,0.7655504255766776,0.23393554367870645,0.22190540034903417,47.629426755533444,8,1,0.007492819421803965,0.001237738840287797,0.00676814092809902,0.0008877770455387485,0.006065693652147063,0.0007105960113490285,0.040641812872470845,0.006064164898701375,0.00676814092809902,0.0012263194547622613,0.045159855852100264,45.159855852100264,0.0,0.0,0.003483914287420078,3.483914287420078,0.0,0.0,0.06672114770374166,66.72114770374165,0.01088271887313761,10.88271887313761
130.5,3.4498954255847143,0.0009487866654912972,0.0,0.0009487866654912972,0.33386355495857767,0.11046358903615858,0.4452759306602275,2.387323595097562,14.380633809472096,66.56011073650524,0.0,0.6903974314759911,0.7461325797765839,0.20012126348988601,0.2162768686387425,46.978637355344354,8,2,0.007492819421803965,0.001237738840287797,0.00676814092809902,0.0008877770455387485,0.006065693652147063,0.0007105960113490285,0.040641812872470845,0.006064164898701375,0.00676814092809902,0.0012263194547622613,0.045159855852100264,45.159855852100264,0.0,0.0,0.003483914287420078,3.483914287420078,0.0,0.0,0.0672746697159585,67.2746697159585,0.011147470743236338,11.147470743236338
132.74823987296435,3.4498954255847143,0.0009487866654912972,0.0,0.0009487866654912972,0.3409967579418757,0.1021133741855474,0.4440589187929144,2.0858215009263024,13.518276410668824,67.15520290386466,0.0,0.6382085886596712,0.7377922970534778,0.18499360413265362,0.21385932210638856,46.68749052908089,9,0,0.007492819421803965,0.001237738840287797,0.00676814092809902,0.0008877770455387485,0.006065693652147063,0.0007105960113490285,0.040641812872470845,0.006064164898701375,0.00676814092809902,0.0012263194547622613,0.045159855852100264,45.159855852100264,0.0,0.0,0.003483914287420078,3.483914287420078,0.0,0.0,0.06751262046869866,67.51262046869866,0.011261283573420926,11.261283573420926
139.85176012703565,3.4498954255847143,0.0009487866654912972,0.0,0.0009487866654912972,0.35968996607117537,0.080224716043902,0.44086346878056865,1.3740330595091235,10.925350384170846,68.84493410173422,0.0,0.5014044752743875,0.7120599819345872,0.14533903594756228,0.20640045395402148,45.924298986932804,9,1,0.007492819421803965,0.001237738840287797,0.00676814092809902,0.0008877770455387485,0.006065693652147063,0.0007105960113490285,0.040641812872470845,0.006064164898701375,0.00676814092809902,0.0012263194547622613,0.045159855852100264,45.159855852100264,0.0,0.0,0.003483914287420078,3.483914287420078,0.0,0.0,0.06818826843135128,68.18826843135129,0.011584448791229232,11.584448791229232
145.0,3.4498954255847143,0.0009487866654912972,0.0,0.0009487866654912972,0.3695882606293164,0.06862861147715511,0.4391656587719628,1.1238703915030177,9.186685978675072,69.8618398543767,0.0,0.42892882173221947,0.6939988974290069,0.12433096335362727,0.20116519830782487,45.519977768613444,9,2,0.007492819421803965,0.001237738840287797,0.00676814092809902,0.0008877770455387485,0.006065693652147063,0.0007105960113490285,0.040641812872470845,0.006064164898701375,0.00676814092809902,0.0012263194547622613,0.045159855852100264,45.159855852100264,0.0,0.0,0.003483914287420078,3.483914287420078,0.0,0.0,0.06859488357868715,68.59488357868715,0.011778934499641057,11.778934499641057
147.24823987296435,3.4498954255847143,0.0009487866654912972,0.0,0.0009487866654912972,0.37401669781844976,0.06344080565142025,0.4384062901353613,0.9657645846654059,8.464154113567863,70.3121180744019,0.0,0.3965050353213766,0.6862413658977944,0.11493247951252723,0.19891657028458623,45.339094614292776,10,0,0.007492819421803965,0.001237738840287797,0.00676814092809902,0.0008877770455387485,0.006065693652147063,0.0007105960113490285,0.040641812872470845,0.006064164898701375,0.00676814092809902,0.0012263194547622613,0.045159855852100264,45.159855852100264,0.0,0.0,0.003483914287420078,3.483914287420078,0.0,0.0,0.06877492970813764,68.77492970813765,0.011865051308771557,11.865051308771557
154.35176012703565,3.4498954255847143,0.0009487866654912972,0.0,0.0009487866654912972,0.3856225326070653,0.04984186116241282,0.4364131804349694,0.6210717723305558,6.377146763480802,71.55546895031009,0.0,0.3115116322650801,0.6623070158843515,0.09029596374280903,0.19197886723540286,44.86494040397116,10,1,0.007492819421803965,0.001237738840287797,0.00676814092809902,0.0008877770455387485,0.006065693652147063,0.0007105960113490285,0.040641812872470845,0.006064164898701375,0.00676814092809902,0.0012263194547622613,0.045159855852100264,45.159855852100264,0.0,0.0,0.003483914287420078,3.483914287420078,0.0,0.0,0.06927209013651262,69.27209013651262,0.01210284519997249,12.102845199972489
159.5,3.4498954255847143,0.0009487866654912972,0.0,0.0009487866654912972,0.391768855982491,0.04263745505988038,0.4353550977078627,0.534676037255729,5.0701426653438775,72.26792722534208,0.0,0.2664840941242524,0.6455078932177095,0.07724410779178521,0.18710940871731033,44.61374447555599,10,2,0.007492819421803965,0.001237738840287797,0.00676814092809902,0.0008877770455387485,0.006065693652147063,0.0007105960113490285,0.040641812872470845,0.006064164898701375,0.00676814092809902,0.0012263194547622613,0.045159855852100264,45.159855852100264,0.0,0.0,0.003483914287420078,3.483914287420078,0.0,0.0,0.0695569703485858,69.55697034858579,0.01223910458485,12.23910458485
161.74823987296435,3.4498954255847143,0.0009487866654912972,0.0,0.0009487866654912972,0.39451558246764235,0.039414384783603755,0.4348787539167374,0.46330526223036056,4.553441156851496,72.56861404525037,0.0,0.24633990489752347,0.6382923949599544,0.07140503537314379,0.1850178965502329,44.501365728595566,11,0,0.007492819421803965,0.001237738840287797,0.00676814092809902,0.0008877770455387485,0.006065693652147063,0.0007105960113490285,0.040641812872470845,0.006064164898701375,0.00676814092809902,0.0012263194547622613,0.045159855852100264,45.159855852100264,0.0,0.0,0.003483914287420078,3.483914287420078,0.0,0.0,0.06967720156495849,69.6772015649585,0.012296611673415487,12.296611673415487
168.85176012703565,3.4498954255847143,0.0009487866654912972,0.0,0.0009487866654912972,0.40174137894596024,0.030965658049494138,0.4336558236609457,0.20170630239115067,2.7961074823445293,73.6009130507387,0.0,0.19353536280933836,0.616030382858857,0.05609890704920035,0.17856494382128918,44.206784089846096,11,1,0.007492819421803965,0.001237738840287797,0.00676814092809902,0.0008877770455387485,0.006065693652147063,0.0007105960113490285,0.040641812872470845,0.006064164898701375,0.00676814092809902,0.0012263194547622613,0.045159855852100264,45.159855852100264,0.0,0.0,0.003483914287420078,3.483914287420078,0.0,0.0,0.0700899717859151,70.0899717859151,0.012494041379023423,12.494041379023423
174.0,3.4498954255847143,0.0009487866654912972,0.0,0.0009487866654912972,0.40557935521833516,0.02648971813437423,0.4330178600182007,0.0,1.4903861131511462,74.37246909894247,0.0,0.16556073833983892,0.6004050463912883,0.04799007445617817,0.1740357235000905,44.050721554432684,11,2,0.007492819421803965,0.001237738840287797,0.00676814092809902,0.0008877770455387485,0.006065693652147063,0.0007105960113490285,0.040641812872470845,0.006064164898701375,0.00676814092809902,0.0012263194547622613,0.045159855852100264,45.159855852100264,0.0,0.0,0.003483914287420078,3.483914287420078,0.0,0.0,0.07039848255537672,70.39848255537672,0.012641603357333027,12.641603357333027
