t_h,mode,ester_rid,ester_label,alcohol_rid,alcohol_name,phi_pair,v_alcohol_baseline,v_alcohol_pairwise,v_ester_baseline,v_ester_pairwise,ratio_baseline,ratio_pairwise,lhs_margin,binding
0.0,BIOMASS,r_1867,isobutyl acetate exchange,r_1866,isobutanol exchange,0.08,0.08092957314735856,0.07511660179761237,0.0,0.006009328143808993,0.0,0.08000000000000004,0.0,True
0.0,BIOMASS,r_1862,isoamyl acetate exchange,r_1865,isoamylol exchange,0.08,0.0,0.0,0.0,0.0,,,0.0,True
0.0,BIOMASS,r_2000,phenethyl acetate exchange,r_1589,2-phenylethanol exchange,0.08,0.1354500968647046,0.11237483266556031,0.0,0.008989986613244835,0.0,0.0800000000000001,0.0,True
1.0,BIOMASS,r_1867,isobutyl acetate exchange,r_1866,isobutanol exchange,0.08,0.029303729790293404,0.0,0.0,0.0,0.0,,0.0,True
1.0,BIOMASS,r_1862,isoamyl acetate exchange,r_1865,isoamylol exchange,0.08,0.0,0.0,0.0,0.0,,,0.0,True
1.0,BIOMASS,r_2000,phenethyl acetate exchange,r_1589,2-phenylethanol exchange,0.08,0.11202899686696176,0.018920646228791648,0.0,0.0015136516983032867,0.0,0.07999999999999761,0.0,True
2.0,BIOMASS,r_1867,isobutyl acetate exchange,r_1866,isobutanol exchange,0.08,0.0584273070290224,0.0,0.0,0.0,0.0,,0.0,True
2.0,BIOMASS,r_1862,isoamyl acetate exchange,r_1865,isoamylol exchange,0.08,0.0,0.0,0.0,0.0,,,0.0,True
2.0,BIOMASS,r_2000,phenethyl acetate exchange,r_1589,2-phenylethanol exchange,0.08,0.0916161605084672,0.054523656087963605,0.0,0.004361892487036986,0.0,0.07999999999999813,0.0,True
3.0,BIOMASS,r_1867,isobutyl acetate exchange,r_1866,isobutanol exchange,0.08,0.05388018109628897,0.02712699522295832,0.0,0.002170159617836464,0.0,0.07999999999999256,0.0,True
3.0,BIOMASS,r_1862,isoamyl acetate exchange,r_1865,isoamylol exchange,0.08,0.0,0.0,0.0,0.0,,,0.0,True
3.0,BIOMASS,r_2000,phenethyl acetate exchange,r_1589,2-phenylethanol exchange,0.08,0.07454873199401765,0.05783776964329323,0.0,0.0046270215714636085,0.0,0.0800000000000026,0.0,True
4.0,BIOMASS,r_1867,isobutyl acetate exchange,r_1866,isobutanol exchange,0.08,0.03935740593587828,0.036604637499049984,0.0,0.002928370999924001,0.0,0.08000000000000006,0.0,True
4.0,BIOMASS,r_1862,isoamyl acetate exchange,r_1865,isoamylol exchange,0.08,0.0,0.0,0.0,0.0,,,0.0,True
4.0,BIOMASS,r_2000,phenethyl acetate exchange,r_1589,2-phenylethanol exchange,0.08,0.06033030298293431,0.055900199967162,0.0,0.0044720159973729605,0.0,0.08,0.0,True
5.0,BIOMASS,r_1867,isobutyl acetate exchange,r_1866,isobutanol exchange,0.08,0.027395070181613405,0.025489598807537754,0.0,0.0020391679046030202,0.0,0.08,0.0,True
5.0,BIOMASS,r_1862,isoamyl acetate exchange,r_1865,isoamylol exchange,0.08,0.0,0.0,0.0,0.0,,,0.0,True
5.0,BIOMASS,r_2000,phenethyl acetate exchange,r_1589,2-phenylethanol exchange,0.08,0.04850302938894084,0.04493975944450573,0.0,0.0035951807555604605,0.0,0.08000000000000006,0.0,True
6.0,BIOMASS,r_1867,isobutyl acetate exchange,r_1866,isobutanol exchange,0.08,0.01742062098049873,0.016221663711667954,0.0,0.0012977330969334362,0.0,0.07999999999999999,0.0,True
6.0,BIOMASS,r_1862,isoamyl acetate exchange,r_1865,isoamylol exchange,0.08,0.0,0.0,0.0,0.0,,,0.0,True
6.0,BIOMASS,r_2000,phenethyl acetate exchange,r_1589,2-phenylethanol exchange,0.08,0.038653940309182434,0.035812515013767574,0.0,0.002865001201101406,0.0,0.08000000000000002,0.0,True
7.0,BIOMASS,r_1867,isobutyl acetate exchange,r_1866,isobutanol exchange,0.08,0.009094431146297372,0.008485284573520907,0.0,0.0006788227658816727,0.0,0.08000000000000002,0.0,True
7.0,BIOMASS,r_1862,isoamyl acetate exchange,r_1865,isoamylol exchange,0.08,0.0,0.0,0.0,0.0,,,0.0,True
7.0,BIOMASS,r_2000,phenethyl acetate exchange,r_1589,2-phenylethanol exchange,0.08,0.030460003221679858,0.028219105184875998,0.0,0.0022575284147900803,0.0,0.08000000000000002,0.0,True
8.0,BIOMASS,r_1867,isobutyl acetate exchange,r_1866,isobutanol exchange,0.08,0.002131073621094183,0.0020152805478896706,0.0,0.00016122244383117302,0.0,0.07999999999999968,0.0,True
8.0,BIOMASS,r_1862,isoamyl acetate exchange,r_1865,isoamylol exchange,0.08,0.0,0.0,0.0,0.0,,,0.0,True
8.0,BIOMASS,r_2000,phenethyl acetate exchange,r_1589,2-phenylethanol exchange,0.08,0.023658697300110536,0.021916241133482315,0.0,0.0017532992906785854,0.0,0.08000000000000002,0.0,True
9.0,BIOMASS,r_1867,isobutyl acetate exchange,r_1866,isobutanol exchange,0.08,0.0,0.0,0.0,0.0,,,0.0,True
9.0,BIOMASS,r_1862,isoamyl acetate exchange,r_1865,isoamylol exchange,0.08,0.0,0.0,0.0,0.0,,,0.0,True
9.0,BIOMASS,r_2000,phenethyl acetate exchange,r_1589,2-phenylethanol exchange,0.08,0.018066906657969627,0.01673512128164835,0.0,0.0013388097025318682,0.0,0.08000000000000002,0.0,True
10.0,BIOMASS,r_1867,isobutyl acetate exchange,r_1866,isobutanol exchange,0.08,0.0,0.0,0.0,0.0,,,0.0,True
10.0,BIOMASS,r_1862,isoamyl acetate exchange,r_1865,isoamylol exchange,0.08,0.0,0.0,0.0,0.0,,,0.0,True
10.0,BIOMASS,r_2000,phenethyl acetate exchange,r_1589,2-phenylethanol exchange,0.08,0.013546706463068832,0.012543246725063826,0.0,0.0010034597380051062,0.0,0.08000000000000002,0.0,True
11.0,BIOMASS,r_1867,isobutyl acetate exchange,r_1866,isobutanol exchange,0.08,0.0,3.4995116437114975e-05,0.0,2.7996093149688875e-06,,0.07999999999999113,0.0,True
11.0,BIOMASS,r_1862,isoamyl acetate exchange,r_1865,isoamylol exchange,0.08,0.0,0.0,0.0,0.0,,,0.0,True
11.0,BIOMASS,r_2000,phenethyl acetate exchange,r_1589,2-phenylethanol exchange,0.08,0.0397231849291416,0.03992535293039124,0.0,0.00319402823443124,0.0,0.07999999999999852,0.0,True
12.0,BIOMASS,r_1867,isobutyl acetate exchange,r_1866,isobutanol exchange,0.08,0.0,0.0,0.0,0.0,,,0.0,True
12.0,BIOMASS,r_1862,isoamyl acetate exchange,r_1865,isoamylol exchange,0.08,0.0,0.0,0.0,0.0,,,0.0,True
12.0,BIOMASS,r_2000,phenethyl acetate exchange,r_1589,2-phenylethanol exchange,0.08,0.03433848409557294,0.008406166671103579,0.0,0.0006724933336882862,0.0,0.07999999999999999,0.0,True
13.0,BIOMASS,r_1867,isobutyl acetate exchange,r_1866,isobutanol exchange,0.08,0.0,0.0,0.0,0.0,,,0.0,True
13.0,BIOMASS,r_1862,isoamyl acetate exchange,r_1865,isoamylol exchange,0.08,0.0,0.0,0.0,0.0,,,0.0,True
13.0,BIOMASS,r_2000,phenethyl acetate exchange,r_1589,2-phenylethanol exchange,0.08,0.026864480322307076,0.007811915572113587,0.0,0.0006249532457690872,0.0,0.08000000000000003,0.0,True
14.0,BIOMASS,r_1867,isobutyl acetate exchange,r_1866,isobutanol exchange,0.08,0.0,0.0,0.0,0.0,,,0.0,True
14.0,BIOMASS,r_1862,isoamyl acetate exchange,r_1865,isoamylol exchange,0.08,0.0,0.0,0.0,0.0,,,0.0,True
14.0,BIOMASS,r_2000,phenethyl acetate exchange,r_1589,2-phenylethanol exchange,0.08,0.019985943132561464,0.008211113820080869,0.0,0.0006568891056064702,0.0,0.08000000000000008,0.0,True
15.0,BIOMASS,r_1867,isobutyl acetate exchange,r_1866,isobutanol exchange,0.08,0.0,0.0,0.0,0.0,,,0.0,True
15.0,BIOMASS,r_1862,isoamyl acetate exchange,r_1865,isoamylol exchange,0.08,0.0,0.0,0.0,0.0,,,0.0,True
15.0,BIOMASS,r_2000,phenethyl acetate exchange,r_1589,2-phenylethanol exchange,0.08,0.038528750466506535,0.009013758413475972,0.0,0.0007211006730780778,0.0,0.08,0.0,True
16.0,BIOMASS,r_1867,isobutyl acetate exchange,r_1866,isobutanol exchange,0.08,0.0,0.0,0.0,0.0,,,0.0,True
16.0,BIOMASS,r_1862,isoamyl acetate exchange,r_1865,isoamylol exchange,0.08,0.0,0.0,0.0,0.0,,,0.0,True
16.0,BIOMASS,r_2000,phenethyl acetate exchange,r_1589,2-phenylethanol exchange,0.08,0.009705491106516403,0.011783569463705507,0.0,0.0009426855570964425,0.0,0.08000000000000017,0.0,True
17.0,BIOMASS,r_1867,isobutyl acetate exchange,r_1866,isobutanol exchange,0.08,0.0,0.0032145247575761124,0.0,0.000257161980606089,,0.08,0.0,True
17.0,BIOMASS,r_1862,isoamyl acetate exchange,r_1865,isoamylol exchange,0.08,0.0003209185558062573,0.0002971468109317212,0.0,2.3771744874537705e-05,0.0,0.08000000000000003,0.0,True
17.0,BIOMASS,r_2000,phenethyl acetate exchange,r_1589,2-phenylethanol exchange,0.08,0.011873907324744033,0.008220401661853184,0.0,0.0006576321329482546,0.0,0.07999999999999999,0.0,True
18.0,BIOMASS,r_1867,isobutyl acetate exchange,r_1866,isobutanol exchange,0.08,0.0,0.0,0.0,0.0,,,0.0,True
18.0,BIOMASS,r_1862,isoamyl acetate exchange,r_1865,isoamylol exchange,0.08,0.0002960621128847518,0.003110361048512375,0.0,0.0002488288838809899,0.0,0.07999999999999997,0.0,True
18.0,BIOMASS,r_2000,phenethyl acetate exchange,r_1589,2-phenylethanol exchange,0.08,0.013218910747987084,0.0074590523858731,0.0,0.0005967241908698482,0.0,0.08000000000000003,0.0,True
19.0,BIOMASS,r_1867,isobutyl acetate exchange,r_1866,isobutanol exchange,0.08,0.0,0.0,0.0,0.0,,,0.0,True
19.0,BIOMASS,r_1862,isoamyl acetate exchange,r_1865,isoamylol exchange,0.08,0.00027364200468680443,0.0027483854710848715,0.0,0.0002198708376867898,0.0,0.08000000000000003,0.0,True
19.0,BIOMASS,r_2000,phenethyl acetate exchange,r_1589,2-phenylethanol exchange,0.08,0.01018653067511709,0.006772327692486715,0.0,0.0005417862153989373,0.0,0.08000000000000002,0.0,True
20.0,BIOMASS,r_1867,isobutyl acetate exchange,r_1866,isobutanol exchange,0.08,0.0,0.0,0.0,0.0,,,0.0,True
20.0,BIOMASS,r_1862,isoamyl acetate exchange,r_1865,isoamylol exchange,0.08,0.0002533864849137591,0.002421357456715524,0.0,0.00019370859653724176,0.0,0.07999999999999993,0.0,True
20.0,BIOMASS,r_2000,phenethyl acetate exchange,r_1589,2-phenylethanol exchange,0.08,0.014752114661520075,0.006151904031606626,0.0,0.0004921523225285303,0.0,0.08000000000000003,0.0,True
21.0,BIOMASS,r_1867,isobutyl acetate exchange,r_1866,isobutanol exchange,0.08,0.0,0.0004176628028755186,0.0,3.34130242300409e-05,,0.0799999999999986,0.0,True
21.0,BIOMASS,r_1862,isoamyl acetate exchange,r_1865,isoamylol exchange,0.08,0.00023505963869059268,0.0017078053260337345,0.0,0.00013662442608269968,0.0,0.08000000000000054,0.0,True
21.0,BIOMASS,r_2000,phenethyl acetate exchange,r_1589,2-phenylethanol exchange,0.08,0.02122027194909796,0.005590555364499284,0.0,0.00044724442915994284,0.0,0.08000000000000003,0.0,True
22.0,BIOMASS,r_1867,isobutyl acetate exchange,r_1866,isobutanol exchange,0.08,0.0,0.00027022493758741933,0.0,2.1617995006994515e-05,,0.08000000000000358,0.0,True
22.0,BIOMASS,r_1862,isoamyl acetate exchange,r_1865,isoamylol exchange,0.08,0.00021845574788583182,0.0015871712039552332,0.0,0.00012697369631641838,0.0,0.07999999999999982,0.0,True
22.0,BIOMASS,r_2000,phenethyl acetate exchange,r_1589,2-phenylethanol exchange,0.08,0.015717652255126748,0.005081980574349031,0.0,0.00040655844594792264,0.0,0.08000000000000003,0.0,True
23.0,BIOMASS,r_1867,isobutyl acetate exchange,r_1866,isobutanol exchange,0.08,0.0,0.00013648700500374213,0.0,1.091896040029921e-05,,0.07999999999999882,0.0,True
23.0,BIOMASS,r_1862,isoamyl acetate exchange,r_1865,isoamylol exchange,0.08,0.00020339469131992383,0.001477746409626019,0.0,0.00011821971277008093,0.0,0.0799999999999996,0.0,True
23.0,BIOMASS,r_2000,phenethyl acetate exchange,r_1589,2-phenylethanol exchange,0.08,0.015890206319963594,0.004620662575302791,0.0,0.00036965300602422334,0.0,0.08000000000000002,0.0,True
24.0,BIOMASS,r_1867,isobutyl acetate exchange,r_1866,isobutanol exchange,0.08,0.0,1.504331248593193e-05,0.0,1.203464998875531e-06,,0.08000000000006492,0.0,True
24.0,BIOMASS,r_1862,isoamyl acetate exchange,r_1865,isoamylol exchange,0.08,0.00018971816524207102,0.0013783808009344995,0.0,0.00011027046407475886,0.0,0.0799999999999992,0.0,True
24.0,BIOMASS,r_2000,phenethyl acetate exchange,r_1589,2-phenylethanol exchange,0.08,0.020337823286802677,0.004201752546212744,0.0,0.0003361402036970194,0.0,0.07999999999999997,0.0,True
25.0,BIOMASS,r_1867,isobutyl acetate exchange,r_1866,isobutanol exchange,0.08,0.0,0.0,0.0,0.0,,,0.0,True
25.0,BIOMASS,r_1862,isoamyl acetate exchange,r_1865,isoamylol exchange,0.08,0.0001772865583486418,0.0011927141951691275,0.0,9.541713561353018e-05,0.0,0.07999999999999999,0.0,True
25.0,BIOMASS,r_2000,phenethyl acetate exchange,r_1589,2-phenylethanol exchange,0.08,0.020074876811598176,0.0038209742129060695,0.0,0.00030567793703248575,0.0,0.08000000000000004,0.0,True
26.0,BIOMASS,r_1867,isobutyl acetate exchange,r_1866,isobutanol exchange,0.08,0.0,0.0,0.0,0.0,,,0.0,True
26.0,BIOMASS,r_1862,isoamyl acetate exchange,r_1865,isoamylol exchange,0.08,0.00016597635035575886,0.0010101094087473627,0.0,8.080875269978899e-05,0.0,0.07999999999999997,0.0,True
26.0,BIOMASS,r_2000,phenethyl acetate exchange,r_1589,2-phenylethanol exchange,0.08,0.019832141518557788,0.0034745441668305728,0.0,0.0002779635333464459,0.0,0.08000000000000002,0.0,True
27.0,BIOMASS,r_1867,isobutyl acetate exchange,r_1866,isobutanol exchange,0.08,0.0,0.0,0.0,0.0,,,0.0,True
27.0,BIOMASS,r_1862,isoamyl acetate exchange,r_1865,isoamylol exchange,0.08,0.00015567793496815485,0.00084384014619239,0.0,6.750721169539144e-05,0.0,0.0800000000000003,0.0,True
27.0,BIOMASS,r_2000,phenethyl acetate exchange,r_1589,2-phenylethanol exchange,0.08,0.01659628653667968,0.0031591051829095566,0.0,0.0002527284146327647,0.0,0.08000000000000006,0.0,True
28.0,BIOMASS,r_1867,isobutyl acetate exchange,r_1866,isobutanol exchange,0.08,0.0,0.0,0.0,0.0,,,0.0,True
28.0,BIOMASS,r_1862,isoamyl acetate exchange,r_1865,isoamylol exchange,0.08,0.0001462937878813323,0.0006923318648570197,0.0,5.53865491885614e-05,0.0,0.07999999999999975,0.0,True
28.0,BIOMASS,r_2000,phenethyl acetate exchange,r_1589,2-phenylethanol exchange,0.08,0.01656294879625816,0.0028716701057006798,0.0,0.0002297336084560544,0.0,0.08,0.0,True
29.0,BIOMASS,r_1867,isobutyl acetate exchange,r_1866,isobutanol exchange,0.08,0.0,0.0,0.0,0.0,,,0.0,True
29.0,BIOMASS,r_1862,isoamyl acetate exchange,r_1865,isoamylol exchange,0.08,0.0001377369171909369,0.0005541800690766466,0.0,4.4334405526131595e-05,0.0,0.07999999999999977,0.0,True
29.0,BIOMASS,r_2000,phenethyl acetate exchange,r_1589,2-phenylethanol exchange,0.08,0.01671829495462068,0.0026095743856732307,0.0,0.00020876595085385835,0.0,0.07999999999999996,0.0,True
30.0,BIOMASS,r_1867,isobutyl acetate exchange,r_1866,isobutanol exchange,0.08,0.0,0.0,0.0,0.0,,,0.0,True
30.0,BIOMASS,r_1862,isoamyl acetate exchange,r_1865,isoamylol exchange,0.08,0.00012992954628334377,0.00042812904525876437,0.0,3.425032362070092e-05,0.0,0.07999999999999947,0.0,True
30.0,BIOMASS,r_2000,phenethyl acetate exchange,r_1589,2-phenylethanol exchange,0.08,0.01682790007895725,0.002370435736326992,0.0,0.00018963485890615935,0.0,0.07999999999999999,0.0,True
31.0,BIOMASS,r_1867,isobutyl acetate exchange,r_1866,isobutanol exchange,0.08,0.0,0.0,0.0,0.0,,,0.0,True
31.0,BIOMASS,r_1862,isoamyl acetate exchange,r_1865,isoamylol exchange,0.08,0.00012280198915243684,0.0003130537037250949,0.0,2.504429629800763e-05,0.0,0.08000000000000013,0.0,True
31.0,BIOMASS,r_2000,phenethyl acetate exchange,r_1589,2-phenylethanol exchange,0.08,0.016924654372325282,0.002152119685302793,0.0,0.00017216957482422347,0.0,0.08000000000000002,0.0,True
32.0,BIOMASS,r_1867,isobutyl acetate exchange,r_1866,isobutanol exchange,0.08,0.0,0.0,0.0,0.0,,,0.0,True
32.0,BIOMASS,r_1862,isoamyl acetate exchange,r_1865,isoamylol exchange,0.08,0.00011629168581837918,0.00020794400542333049,0.0,1.663552043386634e-05,0.0,0.07999999999999953,0.0,True
32.0,BIOMASS,r_2000,phenethyl acetate exchange,r_1589,2-phenylethanol exchange,0.08,0.017009737402488546,0.00195271002940586,0.0,0.00015621680235246874,0.0,0.07999999999999997,0.0,True
33.0,BIOMASS,r_1867,isobutyl acetate exchange,r_1866,isobutanol exchange,0.08,0.0,0.0,0.0,0.0,,,0.0,True
33.0,BIOMASS,r_1862,isoamyl acetate exchange,r_1865,isoamylol exchange,0.08,0.0001103423716166343,0.00011189154999158787,0.0,8.951323999327076e-06,0.0,0.08000000000000042,0.0,True
33.0,BIOMASS,r_2000,phenethyl acetate exchange,r_1589,2-phenylethanol exchange,0.08,0.01708421469029221,0.0,0.0,0.0,0.0,,0.0,True
34.0,BIOMASS,r_1867,isobutyl acetate exchange,r_1866,isobutanol exchange,0.08,0.0,0.0,0.0,0.0,,,0.0,True
34.0,BIOMASS,r_1862,isoamyl acetate exchange,r_1865,isoamylol exchange,0.08,2.6004217964889807e-05,2.407797959713285e-05,0.0,1.9262383677707003e-06,0.0,0.080000000000003,0.0,True
34.0,BIOMASS,r_2000,phenethyl acetate exchange,r_1589,2-phenylethanol exchange,0.08,0.017214282147090722,0.001603887213492817,0.0,0.0001283109770794254,0.0,0.08000000000000002,0.0,True
35.0,BIOMASS,r_1867,isobutyl acetate exchange,r_1866,isobutanol exchange,0.08,0.0,0.0,0.0,0.0,,,0.0,True
35.0,BIOMASS,r_1862,isoamyl acetate exchange,r_1865,isoamylol exchange,0.08,0.0,0.0,0.0,0.0,,,0.0,True
35.0,BIOMASS,r_2000,phenethyl acetate exchange,r_1589,2-phenylethanol exchange,0.08,0.01735374707769539,0.0014515206783632182,0.0,0.00011612165426905747,0.0,0.08,0.0,True
36.0,BIOMASS,r_1867,isobutyl acetate exchange,r_1866,isobutanol exchange,0.08,0.0,0.0,0.0,0.0,,,0.0,True
36.0,BIOMASS,r_1862,isoamyl acetate exchange,r_1865,isoamylol exchange,0.08,0.0,8.190424369093869e-05,0.0,6.55233949527297e-06,,0.07999999999997405,0.0,True
36.0,BIOMASS,r_2000,phenethyl acetate exchange,r_1589,2-phenylethanol exchange,0.08,0.017484322529911143,0.0,0.0,0.0,0.0,,0.0,True
37.0,BIOMASS,r_1867,isobutyl acetate exchange,r_1866,isobutanol exchange,0.08,0.0,0.0,0.0,0.0,,,0.0,True
37.0,BIOMASS,r_1862,isoamyl acetate exchange,r_1865,isoamylol exchange,0.08,0.0,0.0,0.0,0.0,,,0.0,True
37.0,BIOMASS,r_2000,phenethyl acetate exchange,r_1589,2-phenylethanol exchange,0.08,0.017600632396067895,0.001184534235422138,0.0,9.476273883377103e-05,0.0,0.07999999999999999,0.0,True
38.0,BIOMASS,r_1867,isobutyl acetate exchange,r_1866,isobutanol exchange,0.08,0.0,0.0,0.0,0.0,,,0.0,True
38.0,BIOMASS,r_1862,isoamyl acetate exchange,r_1865,isoamylol exchange,0.08,0.0,0.0,0.0,0.0,,,0.0,True
38.0,BIOMASS,r_2000,phenethyl acetate exchange,r_1589,2-phenylethanol exchange,0.08,0.01770393336928757,0.0,0.0,0.0,0.0,,0.0,True
39.0,BIOMASS,r_1867,isobutyl acetate exchange,r_1866,isobutanol exchange,0.08,0.0,0.0,0.0,0.0,,,0.0,True
39.0,BIOMASS,r_1862,isoamyl acetate exchange,r_1865,isoamylol exchange,0.08,0.0,0.0,0.0,0.0,,,0.0,True
39.0,BIOMASS,r_2000,phenethyl acetate exchange,r_1589,2-phenylethanol exchange,0.08,0.017795364643783073,0.0,0.0,0.0,0.0,,0.0,True
40.0,BIOMASS,r_1867,isobutyl acetate exchange,r_1866,isobutanol exchange,0.08,0.0,0.0,0.0,0.0,,,0.0,True
40.0,BIOMASS,r_1862,isoamyl acetate exchange,r_1865,isoamylol exchange,0.08,0.0,0.0,0.0,0.0,,,0.0,True
40.0,BIOMASS,r_2000,phenethyl acetate exchange,r_1589,2-phenylethanol exchange,0.08,0.017824621051498582,0.0,0.0,0.0,0.0,,0.0,True
41.0,BIOMASS,r_1867,isobutyl acetate exchange,r_1866,isobutanol exchange,0.08,0.0,0.0,0.0,0.0,,,0.0,True
41.0,BIOMASS,r_1862,isoamyl acetate exchange,r_1865,isoamylol exchange,0.08,0.0,0.0,0.0,0.0,,,0.0,True
41.0,BIOMASS,r_2000,phenethyl acetate exchange,r_1589,2-phenylethanol exchange,0.08,0.018051990442524625,0.0,0.0,0.0,0.0,,0.0,True
42.0,BIOMASS,r_1867,isobutyl acetate exchange,r_1866,isobutanol exchange,0.08,0.0,0.0,0.0,0.0,,,0.0,True
42.0,BIOMASS,r_1862,isoamyl acetate exchange,r_1865,isoamylol exchange,0.08,0.0,0.0,0.0,0.0,,,0.0,True
42.0,BIOMASS,r_2000,phenethyl acetate exchange,r_1589,2-phenylethanol exchange,0.08,0.01818810100634199,0.0,0.0,0.0,0.0,,0.0,True
43.0,BIOMASS,r_1867,isobutyl acetate exchange,r_1866,isobutanol exchange,0.08,0.0,0.0,0.0,0.0,,,0.0,True
43.0,BIOMASS,r_1862,isoamyl acetate exchange,r_1865,isoamylol exchange,0.08,0.0,0.0,0.0,0.0,,,0.0,True
43.0,BIOMASS,r_2000,phenethyl acetate exchange,r_1589,2-phenylethanol exchange,0.08,0.01516742258021493,0.0,0.0,0.0,0.0,,0.0,True
44.0,BIOMASS,r_1867,isobutyl acetate exchange,r_1866,isobutanol exchange,0.08,0.0,0.0,0.0,0.0,,,0.0,True
44.0,BIOMASS,r_1862,isoamyl acetate exchange,r_1865,isoamylol exchange,0.08,0.0,0.0,0.0,0.0,,,0.0,True
44.0,BIOMASS,r_2000,phenethyl acetate exchange,r_1589,2-phenylethanol exchange,0.08,0.015304837218905637,0.0,0.0,0.0,0.0,,0.0,True
45.0,BIOMASS,r_1867,isobutyl acetate exchange,r_1866,isobutanol exchange,0.08,0.0,0.0,0.0,0.0,,,0.0,True
45.0,BIOMASS,r_1862,isoamyl acetate exchange,r_1865,isoamylol exchange,0.08,0.0,0.0,0.0,0.0,,,0.0,True
45.0,BIOMASS,r_2000,phenethyl acetate exchange,r_1589,2-phenylethanol exchange,0.08,0.015442904708824964,0.0,0.0,0.0,0.0,,0.0,True
46.0,BIOMASS,r_1867,isobutyl acetate exchange,r_1866,isobutanol exchange,0.08,0.0,0.0,0.0,0.0,,,0.0,True
46.0,BIOMASS,r_1862,isoamyl acetate exchange,r_1865,isoamylol exchange,0.08,0.0,0.0,0.0,0.0,,,0.0,True
46.0,BIOMASS,r_2000,phenethyl acetate exchange,r_1589,2-phenylethanol exchange,0.08,0.01556642844115037,0.0,0.0,0.0,0.0,,0.0,True
47.0,BIOMASS,r_1867,isobutyl acetate exchange,r_1866,isobutanol exchange,0.08,0.0,0.0,0.0,0.0,,,0.0,True
47.0,BIOMASS,r_1862,isoamyl acetate exchange,r_1865,isoamylol exchange,0.08,0.0,0.0,0.0,0.0,,,0.0,True
47.0,BIOMASS,r_2000,phenethyl acetate exchange,r_1589,2-phenylethanol exchange,0.08,0.015676637892040057,0.0,0.0,0.0,0.0,,0.0,True
48.0,BIOMASS,r_1867,isobutyl acetate exchange,r_1866,isobutanol exchange,0.08,0.0,0.0,0.0,0.0,,,0.0,True
48.0,BIOMASS,r_1862,isoamyl acetate exchange,r_1865,isoamylol exchange,0.08,0.0,0.0,0.0,0.0,,,0.0,True
48.0,BIOMASS,r_2000,phenethyl acetate exchange,r_1589,2-phenylethanol exchange,0.08,0.015774543420028396,0.0,0.0,0.0,0.0,,0.0,True
49.0,BIOMASS,r_1867,isobutyl acetate exchange,r_1866,isobutanol exchange,0.08,0.0,0.0,0.0,0.0,,,0.0,True
49.0,BIOMASS,r_1862,isoamyl acetate exchange,r_1865,isoamylol exchange,0.08,0.0,0.0,0.0,0.0,,,0.0,True
49.0,BIOMASS,r_2000,phenethyl acetate exchange,r_1589,2-phenylethanol exchange,0.08,0.015861397047990455,0.0,0.0,0.0,0.0,,0.0,True
50.0,BIOMASS,r_1867,isobutyl acetate exchange,r_1866,isobutanol exchange,0.08,0.0,0.0,0.0,0.0,,,0.0,True
50.0,BIOMASS,r_1862,isoamyl acetate exchange,r_1865,isoamylol exchange,0.08,0.0,0.0,0.0,0.0,,,0.0,True
50.0,BIOMASS,r_2000,phenethyl acetate exchange,r_1589,2-phenylethanol exchange,0.08,0.0159380207493919,0.0,0.0,0.0,0.0,,0.0,True
51.0,BIOMASS,r_1867,isobutyl acetate exchange,r_1866,isobutanol exchange,0.08,0.0,0.0,0.0,0.0,,,0.0,True
51.0,BIOMASS,r_1862,isoamyl acetate exchange,r_1865,isoamylol exchange,0.08,0.0,0.0,0.0,0.0,,,0.0,True
51.0,BIOMASS,r_2000,phenethyl acetate exchange,r_1589,2-phenylethanol exchange,0.08,0.01600527103244467,0.0,0.0,0.0,0.0,,0.0,True
52.0,BIOMASS,r_1867,isobutyl acetate exchange,r_1866,isobutanol exchange,0.08,0.0,0.0,0.0,0.0,,,0.0,True
52.0,BIOMASS,r_1862,isoamyl acetate exchange,r_1865,isoamylol exchange,0.08,0.0,0.0,0.0,0.0,,,0.0,True
52.0,BIOMASS,r_2000,phenethyl acetate exchange,r_1589,2-phenylethanol exchange,0.08,0.016063525006619686,0.0,0.0,0.0,0.0,,0.0,True
53.0,TURNOVER_ATPM,r_1867,isobutyl acetate exchange,r_1866,isobutanol exchange,0.08,0.0,0.0,0.0,0.0,,,0.0,True
53.0,TURNOVER_ATPM,r_1862,isoamyl acetate exchange,r_1865,isoamylol exchange,0.08,0.0,0.0,0.0,0.0,,,0.0,True
53.0,TURNOVER_ATPM,r_2000,phenethyl acetate exchange,r_1589,2-phenylethanol exchange,0.08,0.0,0.0,0.0,0.0,,,0.0,True
54.0,TURNOVER_ATPM,r_1867,isobutyl acetate exchange,r_1866,isobutanol exchange,0.08,0.0,0.0,0.0,0.0,,,0.0,True
54.0,TURNOVER_ATPM,r_1862,isoamyl acetate exchange,r_1865,isoamylol exchange,0.08,0.0,0.0,0.0,0.0,,,0.0,True
54.0,TURNOVER_ATPM,r_2000,phenethyl acetate exchange,r_1589,2-phenylethanol exchange,0.08,0.0,0.0,0.0,0.0,,,0.0,True
55.0,TURNOVER_ATPM,r_1867,isobutyl acetate exchange,r_1866,isobutanol exchange,0.08,0.0,0.0,0.0,0.0,,,0.0,True
55.0,TURNOVER_ATPM,r_1862,isoamyl acetate exchange,r_1865,isoamylol exchange,0.08,0.0,0.0,0.0,0.0,,,0.0,True
55.0,TURNOVER_ATPM,r_2000,phenethyl acetate exchange,r_1589,2-phenylethanol exchange,0.08,0.0,0.0,0.0,0.0,,,0.0,True
56.0,TURNOVER_ATPM,r_1867,isobutyl acetate exchange,r_1866,isobutanol exchange,0.08,0.0,0.0,0.0,0.0,,,0.0,True
56.0,TURNOVER_ATPM,r_1862,isoamyl acetate exchange,r_1865,isoamylol exchange,0.08,0.0,0.0,0.0,0.0,,,0.0,True
56.0,TURNOVER_ATPM,r_2000,phenethyl acetate exchange,r_1589,2-phenylethanol exchange,0.08,0.0,0.0,0.0,0.0,,,0.0,True
57.0,TURNOVER_ATPM,r_1867,isobutyl acetate exchange,r_1866,isobutanol exchange,0.08,0.0,0.0,0.0,0.0,,,0.0,True
57.0,TURNOVER_ATPM,r_1862,isoamyl acetate exchange,r_1865,isoamylol exchange,0.08,0.0,0.0,0.0,0.0,,,0.0,True
57.0,TURNOVER_ATPM,r_2000,phenethyl acetate exchange,r_1589,2-phenylethanol exchange,0.08,0.0,0.0,0.0,0.0,,,0.0,True
58.0,TURNOVER_ATPM,r_1867,isobutyl acetate exchange,r_1866,isobutanol exchange,0.08,0.0,0.0,0.0,0.0,,,0.0,True
58.0,TURNOVER_ATPM,r_1862,isoamyl acetate exchange,r_1865,isoamylol exchange,0.08,0.0,0.0,0.0,0.0,,,0.0,True
58.0,TURNOVER_ATPM,r_2000,phenethyl acetate exchange,r_1589,2-phenylethanol exchange,0.08,0.0,0.0,0.0,0.0,,,0.0,True
59.0,TURNOVER_ATPM,r_1867,isobutyl acetate exchange,r_1866,isobutanol exchange,0.08,0.0,0.0,0.0,0.0,,,0.0,True
59.0,TURNOVER_ATPM,r_1862,isoamyl acetate exchange,r_1865,isoamylol exchange,0.08,0.0,0.0,0.0,0.0,,,0.0,True
59.0,TURNOVER_ATPM,r_2000,phenethyl acetate exchange,r_1589,2-phenylethanol exchange,0.08,0.0,0.0,0.0,0.0,,,0.0,True
60.0,TURNOVER_ATPM,r_1867,isobutyl acetate exchange,r_1866,isobutanol exchange,0.08,0.0,0.0,0.0,0.0,,,0.0,True
60.0,TURNOVER_ATPM,r_1862,isoamyl acetate exchange,r_1865,isoamylol exchange,0.08,0.0,0.0,0.0,0.0,,,0.0,True
60.0,TURNOVER_ATPM,r_2000,phenethyl acetate exchange,r_1589,2-phenylethanol exchange,0.08,0.0,0.0,0.0,0.0,,,0.0,True
61.0,TURNOVER_ATPM,r_1867,isobutyl acetate exchange,r_1866,isobutanol exchange,0.08,0.0,0.0,0.0,0.0,,,0.0,True
61.0,TURNOVER_ATPM,r_1862,isoamyl acetate exchange,r_1865,isoamylol exchange,0.08,0.0,0.0,0.0,0.0,,,0.0,True
61.0,TURNOVER_ATPM,r_2000,phenethyl acetate exchange,r_1589,2-phenylethanol exchange,0.08,0.0,0.0,0.0,0.0,,,0.0,True
62.0,TURNOVER_ATPM,r_1867,isobutyl acetate exchange,r_1866,isobutanol exchange,0.08,0.0,0.0,0.0,0.0,,,0.0,True
62.0,TURNOVER_ATPM,r_1862,isoamyl acetate exchange,r_1865,isoamylol exchange,0.08,0.0,0.0,0.0,0.0,,,0.0,True
62.0,TURNOVER_ATPM,r_2000,phenethyl acetate exchange,r_1589,2-phenylethanol exchange,0.08,0.0,0.0,0.0,0.0,,,0.0,True
63.0,TURNOVER_ATPM,r_1867,isobutyl acetate exchange,r_1866,isobutanol exchange,0.08,0.0,0.0,0.0,0.0,,,0.0,True
63.0,TURNOVER_ATPM,r_1862,isoamyl acetate exchange,r_1865,isoamylol exchange,0.08,0.0,0.0,0.0,0.0,,,0.0,True
63.0,TURNOVER_ATPM,r_2000,phenethyl acetate exchange,r_1589,2-phenylethanol exchange,0.08,0.0,0.0,0.0,0.0,,,0.0,True
64.0,TURNOVER_ATPM,r_1867,isobutyl acetate exchange,r_1866,isobutanol exchange,0.08,0.0,0.0,0.0,0.0,,,0.0,True
64.0,TURNOVER_ATPM,r_1862,isoamyl acetate exchange,r_1865,isoamylol exchange,0.08,0.0,0.0,0.0,0.0,,,0.0,True
64.0,TURNOVER_ATPM,r_2000,phenethyl acetate exchange,r_1589,2-phenylethanol exchange,0.08,0.0,0.0,0.0,0.0,,,0.0,True
65.0,TURNOVER_ATPM,r_1867,isobutyl acetate exchange,r_1866,isobutanol exchange,0.08,0.0,0.0,0.0,0.0,,,0.0,True
65.0,TURNOVER_ATPM,r_1862,isoamyl acetate exchange,r_1865,isoamylol exchange,0.08,0.0,0.0,0.0,0.0,,,0.0,True
65.0,TURNOVER_ATPM,r_2000,phenethyl acetate exchange,r_1589,2-phenylethanol exchange,0.08,0.0,0.0,0.0,0.0,,,0.0,True
66.0,TURNOVER_ATPM,r_1867,isobutyl acetate exchange,r_1866,isobutanol exchange,0.08,0.0,0.0,0.0,0.0,,,0.0,True
66.0,TURNOVER_ATPM,r_1862,isoamyl acetate exchange,r_1865,isoamylol exchange,0.08,0.0,0.0,0.0,0.0,,,0.0,True
66.0,TURNOVER_ATPM,r_2000,phenethyl acetate exchange,r_1589,2-phenylethanol exchange,0.08,0.0,0.0,0.0,0.0,,,0.0,True
67.0,TURNOVER_ATPM,r_1867,isobutyl acetate exchange,r_1866,isobutanol exchange,0.08,0.0,0.0,0.0,0.0,,,0.0,True
67.0,TURNOVER_ATPM,r_1862,isoamyl acetate exchange,r_1865,isoamylol exchange,0.08,0.0,0.0,0.0,0.0,,,0.0,True
67.0,TURNOVER_ATPM,r_2000,phenethyl acetate exchange,r_1589,2-phenylethanol exchange,0.08,0.0,0.0,0.0,0.0,,,0.0,True
68.0,TURNOVER_ATPM,r_1867,isobutyl acetate exchange,r_1866,isobutanol exchange,0.08,0.0,0.0,0.0,0.0,,,0.0,True
68.0,TURNOVER_ATPM,r_1862,isoamyl acetate exchange,r_1865,isoamylol exchange,0.08,0.0,0.0,0.0,0.0,,,0.0,True
68.0,TURNOVER_ATPM,r_2000,phenethyl acetate exchange,r_1589,2-phenylethanol exchange,0.08,0.0,0.0,0.0,0.0,,,0.0,True
69.0,TURNOVER_ATPM,r_1867,isobutyl acetate exchange,r_1866,isobutanol exchange,0.08,0.0,0.0,0.0,0.0,,,0.0,True
69.0,TURNOVER_ATPM,r_1862,isoamyl acetate exchange,r_1865,isoamylol exchange,0.08,0.0,0.0,0.0,0.0,,,0.0,True
69.0,TURNOVER_ATPM,r_2000,phenethyl acetate exchange,r_1589,2-phenylethanol exchange,0.08,0.0,0.0,0.0,0.0,,,0.0,True
70.0,TURNOVER_ATPM,r_1867,isobutyl acetate exchange,r_1866,isobutanol exchange,0.08,0.0,0.0,0.0,0.0,,,0.0,True
70.0,TURNOVER_ATPM,r_1862,isoamyl acetate exchange,r_1865,isoamylol exchange,0.08,0.0,0.0,0.0,0.0,,,0.0,True
70.0,TURNOVER_ATPM,r_2000,phenethyl acetate exchange,r_1589,2-phenylethanol exchange,0.08,0.0,0.0,0.0,0.0,,,0.0,True
71.0,TURNOVER_ATPM,r_1867,isobutyl acetate exchange,r_1866,isobutanol exchange,0.08,0.0,0.0,0.0,0.0,,,0.0,True
71.0,TURNOVER_ATPM,r_1862,isoamyl acetate exchange,r_1865,isoamylol exchange,0.08,0.0,0.0,0.0,0.0,,,0.0,True
71.0,TURNOVER_ATPM,r_2000,phenethyl acetate exchange,r_1589,2-phenylethanol exchange,0.08,0.0,0.0,0.0,0.0,,,0.0,True
