t_h,mode,q_ferm,q_ferm_source,q_ferm_flux,q_ferm_macro,S_total_g_L,glucose_g_L,fructose_g_L,N_gN_L,f_sugar,f_N,v_ehrlich_floor_requested,v_ehrlich_floor_applied,floor_target_mode,floor_target_id,floor_relaxed,floor_omitted,branch_coupling_active,transport_cap_active,branch_beta,transport_gamma,atpm_free_biomass_active,atpm_free_biomass_status,atpm_old_lb,atpm_old_ub,atpm_new_lb,atpm_new_ub,cap_active,cap_applied,cap_relaxed,cap_omitted,status_baseline,status_pairwise,status_v3,objective_id,obj_baseline,obj_v3,mu_baseline,mu_v3,v_glucose_baseline,v_fructose_baseline,v_eth_baseline,v_eth_v3,v_ATPM_baseline,v_ATPM_v3,v_ADH_v3,v_ehrlich_decarb_v3,v_aldehyde_transport_sum_v3,v_r0179_v3,v_r0181_v3,v_aldh_sum_v3,v_r1865_v3,v_r1862_v3,v_r1862_pairwise,v_r1865_pairwise,v_r1862_baseline,v_r1865_baseline
0.0,BIOMASS,4.153033361259409,macro_sugar_derivative_smooth,3.3370306849145006,4.153033361259409,220.0,110.0,110.0,0.14,0.9166666666666666,1.00625,0.019153703340600035,0.019153703340600035,kic_to_3mbal,r_0072,False,False,True,True,0.2,0.2,True,optimal,0.7,0.7,0.7,1000.0,False,,False,False,optimal,optimal,optimal,r_2111,0.20319547354645187,0.20319547354645406,0.20319547354645187,0.20319547354645406,-1.8333333333180555,-1.5036973515964451,3.7130196033940965,0.0,0.7,0.7,2.4004321968328624,0.09073858659787948,0.018147717319575894,0.06128090848369965,0.011309960794603925,0.07259086927830358,0.06721376785028109,0.005377101428022488,0.0,0.0,0.0,0.09073858659788019
1.0,BIOMASS,4.141821405098729,macro_sugar_derivative_smooth,3.3366686455619297,4.141821405098729,219.60806891321965,109.7398966720134,109.86817224120624,0.1326209590936245,0.9165303568835842,1.00655218002782,0.01910488907129507,0.01910488907129507,kic_to_3mbal,r_0072,False,False,True,True,0.2,0.2,True,optimal,0.7,0.7,0.7,1000.0,False,,False,False,optimal,optimal,optimal,r_2111,0.07499258791590412,0.07487183548230864,0.07499258791590412,0.07487183548230864,-1.8329712939654845,-1.5036973515964451,6.117206742573122,6.1064462872410745,0.7,0.7,6.0828996648894105,0.019104889071295074,0.0,0.01910488907129507,0.0,0.01910488907129507,0.01768971210305099,0.0014151769682440793,0.0013934252821439675,0.017417816026799662,0.0,0.0013868870610769712
2.0,BIOMASS,4.130532041135164,macro_sugar_derivative_smooth,3.336248646261537,4.130532041135164,219.15541899310676,109.43956187556812,109.71585711753865,0.1264442725498549,0.9163723737300034,1.0068285360880846,0.019054760902371473,0.019054760902371473,kic_to_3mbal,r_0072,False,False,True,True,0.2,0.2,True,optimal,0.7,0.7,0.7,1000.0,False,,False,False,optimal,optimal,optimal,r_2111,0.07498294848875421,0.07480238153441719,0.07498294848875421,0.07480238153441719,-1.8325512946650917,-1.5036973515964451,6.116455872768225,6.1034062687645765,0.7,0.7,6.0936945269170675,0.025042664988251022,0.0,0.02504266498825102,0.0,0.02504266498825102,0.023187652766899085,0.0018550122213519267,0.002876438893068722,0.03595548616335905,0.0,0.010993056576884496
3.0,BIOMASS,4.118609418292909,macro_sugar_derivative_smooth,3.335787865922048,4.118609418292909,218.6612293281878,109.1117936041759,109.54943572401189,0.1198774543875195,0.9161992081566898,1.0071491149476426,0.019002218174242243,0.019002218174242243,kic_to_3mbal,r_0072,False,False,True,True,0.2,0.2,True,optimal,0.7,0.7,0.7,1000.0,False,,False,False,optimal,optimal,optimal,r_2111,0.0749723730937231,0.07474167862903747,0.0749723730937231,0.07474167862903747,-1.832090514325603,-1.5036973515964451,6.115632095101697,6.100733414444229,0.7,0.7,6.116768245458791,0.019002218174242243,0.0038004436348484487,0.015201774539393793,0.0,0.015201774539393793,0.017594646457631705,0.0014075717166105364,0.0034232875078657756,0.04279109384832223,0.0,0.0
4.0,BIOMASS,4.1056118279797325,macro_sugar_derivative_smooth,3.3352826028640123,4.1056118279797325,218.12225902808404,108.75444491863608,109.36781410944796,0.11338374534564,0.9160095319033522,1.0074971653960434,0.01894487377584685,0.01894487377584685,kic_to_3mbal,r_0072,False,False,True,True,0.2,0.2,True,optimal,0.7,0.7,0.7,1000.0,False,,False,False,optimal,optimal,optimal,r_2111,0.0749607767733611,0.07468813862818521,0.0749607767733611,0.07468813862818521,-1.8315852512675674,-1.5036973515964451,6.114728791754611,6.130934589063201,0.7,0.7,6.146957933784146,0.018944873775846728,0.0037889747551693035,0.015155899020677424,0.0,0.015155899020677424,0.017541549792450675,0.0014033239833960538,0.0036900338188923048,0.04612542273615379,0.0,0.04972263212937609
5.0,BIOMASS,4.062197668281001,macro_sugar_derivative_smooth,3.3347288572096474,4.062197668281001,217.53507466723016,108.36526137261788,109.16981329461228,0.1067896215816796,0.9158019082949388,1.0078870808787437,0.018747548226754288,0.018747548226754288,kic_to_3mbal,r_0072,False,False,True,True,0.2,0.2,True,optimal,0.7,0.7,0.7,1000.0,False,,False,False,optimal,optimal,optimal,r_2111,0.07494806772625026,0.0746403629945083,0.07494806772625026,0.0746403629945083,-1.8310315056132023,-1.5036973515964451,6.113738811792575,6.095996170707323,0.7,0.7,6.112009265802802,0.01874754822675429,0.0037495096453512935,0.014998038581403,0.0,0.014998038581403,0.017358840950698406,0.0013887072760558727,0.00039385500398812887,0.004923187549851615,0.0,0.037766951599011646
6.0,BIOMASS,4.040539774744395,macro_sugar_derivative_smooth,3.334122517444698,4.040539774744395,216.89632364526543,107.94202896836138,108.95429467690404,0.0996593172035557,0.9155748823272222,1.008357059219207,0.018651664867395838,0.018651664867395838,kic_to_3mbal,r_0072,False,False,True,True,0.2,0.2,True,optimal,0.7,0.7,0.7,1000.0,False,,False,False,optimal,optimal,optimal,r_2111,0.07489136610816027,0.07459714287243602,0.07489136610816027,0.07459714287243602,-1.8304251658482529,-1.5036973515964451,6.106836393098146,6.093828097696642,0.7,0.7,6.105335748252099,0.018651664867395754,0.0,0.018651664867395754,0.0,0.018651664867395754,0.017270060062403475,0.0013816048049922777,0.0013737853989833704,0.01717231748729213,0.0,0.027779709047091972
7.0,BIOMASS,3.9807091049403454,macro_sugar_derivative_smooth,3.3334594672723585,3.9807091049403454,216.2029114838638,107.48266304670013,108.72024843716368,0.0919678181709973,0.9153270386281149,1.0089311376816579,0.01838096311261091,0.01838096311261091,kic_to_3mbal,r_0072,False,False,True,True,0.2,0.2,True,optimal,0.7,0.7,0.7,1000.0,False,,False,False,optimal,optimal,optimal,r_2111,0.07457663258897365,0.07436521007749494,0.07457663258897365,0.07436521007749494,-1.8297621156759134,-1.5036973515964451,6.1050560643356535,6.130325721413257,0.7,0.7,6.13335560076845,0.01958238006854729,0.0,0.01958238006854729,0.0,0.01958238006854729,0.018131833396803045,0.0014505466717442434,0.0014505467123515734,0.01813183390439467,0.0,0.01951039757618898
8.0,BIOMASS,3.8836267410520637,macro_sugar_derivative_smooth,3.332735555585593,3.8836267410520637,215.45199131459253,106.98520060329444,108.46679071129807,0.0837014864073036,0.9150569936217802,1.0096430633218925,0.017940043740168853,0.017940043740168853,kic_to_3mbal,r_0072,False,False,True,True,0.2,0.2,True,optimal,0.7,0.7,0.7,1000.0,False,,False,False,optimal,optimal,optimal,r_2111,0.07425774598027977,0.0737985951189267,0.07425774598027977,0.0737985951189267,-1.8290382039891477,-1.5036973515964451,6.106369370105507,6.086835577673606,0.7,0.7,6.090531846058425,0.017940043740168894,0.0,0.017940043740168894,0.0,0.017940043740168894,0.01661115161126749,0.0013288921289013992,0.0009376652529726392,0.011720815662158,0.0,0.012606380908679448
9.0,BIOMASS,3.7421223256095826,macro_sugar_derivative_smooth,3.3319468263753262,3.7421223256095826,214.64127032461852,106.44796996154392,108.1933003630746,0.0748573322836914,0.914763502719148,1.010542147622382,0.017296221759142475,0.017296221759142475,kic_to_3mbal,r_0072,False,False,True,True,0.2,0.2,True,optimal,0.7,0.7,0.7,1000.0,False,,False,False,optimal,optimal,optimal,r_2111,0.07398681114364027,0.07326420729159266,0.07398681114364027,0.07326420729159266,-1.8282494747788811,-1.5036973515964451,6.107137842975278,6.1116370945608365,0.7,0.7,6.127354953791256,0.017296221759142475,0.0,0.01729622175914247,0.0,0.01729622175914247,0.016015020147354144,0.0012812016117883314,0.0005083524130306942,0.0063544051628836775,0.0,0.006827301729719839
10.0,BIOMASS,3.545295334105685,macro_sugar_derivative_smooth,3.331089805902163,3.545295334105685,213.76938279644304,105.869789593387,107.89959320305604,0.065462879165714,0.9144455969350991,1.0117009865541855,0.016399570345405012,0.016399570345405012,kic_to_3mbal,r_0072,False,False,True,True,0.2,0.2,True,optimal,0.7,0.7,0.7,1000.0,False,,False,False,optimal,optimal,optimal,r_2111,0.07375586995383895,0.07259310418884377,0.07375586995383895,0.07259310418884377,-1.8273924543057178,-1.5036973515964451,6.107423442127243,6.075628504952729,0.7,0.7,6.091202387956721,0.016399570345405016,0.0,0.016399570345405016,0.0,0.016399570345405016,0.015184787356856492,0.0012147829885485193,0.00014926719458072766,0.0018658399322590725,0.0,0.0019935736896683457
11.0,BIOMASS,3.2848510409430918,macro_sugar_derivative_smooth,3.330202395493286,3.2848510409430918,212.86319358258083,105.27712650006146,107.58606708251936,0.0560533006960039,0.9141126612054844,1.0131486732442705,0.01521102881227514,0.01521102881227514,kic_to_3mbal,r_0072,False,False,True,True,0.2,0.2,True,optimal,0.7,0.7,0.7,1000.0,False,,False,False,optimal,optimal,optimal,r_2111,0.07341742674227755,0.07207547201786416,0.07341742674227755,0.07207547201786416,-1.8265050438968407,-1.5036973515964451,6.099088630431988,6.062585145565067,0.7,0.7,6.078047977485626,0.015211028812275143,0.0,0.015211028812275143,0.0,0.015211028812275143,0.0140842859372918,0.001126742874983344,0.0,0.0,0.0,0.0
12.0,BIOMASS,2.970406719185627,macro_sugar_derivative_smooth,3.329354227225737,2.970406719185627,211.9714755948019,104.71631057442428,107.2551650203776,0.0468792721127168,0.9137825030050886,1.0149523158433098,0.013774454213624549,0.013774454213624549,kic_to_3mbal,r_0072,False,False,True,True,0.2,0.2,True,optimal,0.7,0.7,0.7,1000.0,False,,False,False,optimal,optimal,optimal,r_2111,0.07289698333962234,0.07168973326418808,0.07289698333962234,0.07168973326418808,-1.8256568756292917,-1.5036973515964451,6.076401271105923,6.00435067860726,0.7,0.7,6.01973075541923,0.01377445421362455,0.0,0.01377445421362455,0.0,0.01377445421362455,0.012754124271874584,0.001020329941749967,0.0,0.0,0.0,0.0
13.0,BIOMASS,2.6293182458403357,macro_sugar_derivative_smooth,3.3285805687745205,2.6293182458403357,211.1214423765322,104.2094988243518,106.9119435521804,0.0382684184696807,0.913465406782046,1.0171619554170728,0.012215053477691631,0.012215053477691631,kic_to_3mbal,r_0072,False,False,True,True,0.2,0.2,True,optimal,0.7,0.7,0.7,1000.0,False,,False,False,optimal,optimal,optimal,r_2111,0.07247135414684158,0.07140522339709941,0.07247135414684158,0.07140522339709941,-1.8248832171780751,-1.5036973515964451,6.0581979137211235,5.994477731624391,0.7,0.7,6.009796770636243,0.012215053477691631,0.0,0.012215053477691631,0.0,0.012215053477691631,0.011310234701566326,0.0009048187761253062,0.0,0.0,0.0,0.0
14.0,BIOMASS,2.2827455422898453,macro_sugar_derivative_smooth,3.327937141658955,2.2827455422898453,210.35580059964417,103.7913980015007,106.56440259814347,0.0307315188895571,0.9131777886732717,1.0197116116743323,0.010628212081636957,0.010628212081636957,kic_to_3mbal,r_0072,False,False,True,True,0.2,0.2,True,optimal,0.7,0.7,0.7,1000.0,False,,False,False,optimal,optimal,optimal,r_2111,0.07212781925193308,0.0712037982947703,0.07212781925193308,0.0712037982947703,-1.82423979006251,-1.5036973515964451,6.0434883109223945,5.988186856944495,0.7,0.7,6.003462682885178,0.010628212081636957,0.0,0.010628212081636957,0.0,0.010628212081636957,0.009840937112626813,0.0007872749690101453,0.0,0.0,0.0,0.0
15.0,BIOMASS,1.9437180466065793,macro_sugar_derivative_smooth,3.3274971820807466,1.9437180466065793,209.73073864955967,103.50726878864836,106.22346986091132,0.0249366029225208,0.9129415588111228,1.0222535735895344,0.009069949857880934,0.009069949857880934,kic_to_3mbal,r_0072,False,False,True,True,0.2,0.2,True,optimal,0.7,0.7,0.7,1000.0,False,,False,False,optimal,optimal,optimal,r_2111,0.06579401814091634,0.06579401814091684,0.06579401814091634,0.06579401814091684,-1.8237998304843015,-1.5036973515964451,5.740167722465085,6.065226864457549,0.7,0.7,6.066821546235574,0.009069949857880934,0.0,0.009069949857880935,0.0,0.009069949857880935,0.008398101720260124,0.00067184813762081,0.0,0.0,0.0,0.0
16.0,BIOMASS,1.6286198666013458,macro_sugar_derivative_smooth,1.6742735083738518,1.6286198666013458,209.28221356694672,103.38414943538658,105.89806413156016,0.0213072268564961,0.9127712538671896,1.0242088388909298,0.007612726131270122,0.007612726131270122,kic_to_3mbal,r_0072,False,False,True,True,0.2,0.2,True,optimal,0.7,0.7,0.7,1000.0,False,,False,False,optimal,optimal,optimal,r_2111,0.022831610691301685,0.022831610691302816,0.022831610691301685,0.022831610691302816,-0.17057615677740678,-1.5036973515964451,2.7684993617976636,2.6320095142198032,0.7,0.7,2.636907732000572,0.007612726131270119,0.0,0.007612726131270118,0.0,0.007612726131270118,0.007048820491916774,0.0005639056393533419,0.0006698044971566938,0.008372556214458671,0.0,0.0
17.0,BIOMASS,1.3490575742936066,macro_sugar_derivative_smooth,1.6338224703109065,1.3490575742936066,208.95946903965444,103.37488932746572,105.58457971218871,0.019245739224101,0.9126482949847508,1.0254804730340228,0.006312935190214718,0.006312935190214718,kic_to_3mbal,r_0072,False,False,True,True,0.2,0.2,True,optimal,0.7,0.7,0.7,1000.0,False,,False,False,optimal,optimal,optimal,r_2111,0.011823053367254486,0.011823053367255114,0.011823053367254486,0.011823053367255114,-0.1301251187144615,-1.5036973515964451,2.4271203584284464,1.7900592328940699,0.7,0.7,1.8146599785337212,0.006727044735199903,0.0,0.006727044735199903,0.0,0.006727044735199903,0.006228745125185096,0.0004982996100148076,0.0010312930264410357,0.012891162830512944,0.0,0.0
18.0,BIOMASS,1.1127389144355446,macro_sugar_derivative_smooth,1.6435713454693266,1.1127389144355446,208.67718230827657,103.3689572456802,105.30822506259636,0.0176839152434804,0.9125404651302801,1.0265365207818475,0.0052118249077366665,0.0052118249077366665,kic_to_3mbal,r_0072,False,False,True,True,0.2,0.2,True,optimal,0.7,0.7,0.7,1000.0,False,,False,False,optimal,optimal,optimal,r_2111,0.010313468920016404,0.010313468920016724,0.010313468920016404,0.010313468920016724,-0.13987399387288135,-1.5036973515964451,2.3788560164986787,1.6357518470298855,0.7,0.7,1.6379644643317688,0.006270219318732053,0.0,0.006270219318732054,0.0,0.006270219318732054,0.0058057586284556055,0.0004644606902764484,0.00046446069027645105,0.0058057586284556385,0.0,0.0
19.0,BIOMASS,0.9310701105322285,macro_sugar_derivative_smooth,1.6530269761263428,0.9310701105322285,208.40715185449284,103.36349548374768,105.04365637074515,0.0162687853492022,0.9124370675891049,1.0275719186725396,0.004364832043039831,0.004364832043039831,kic_to_3mbal,r_0072,False,False,True,True,0.2,0.2,True,optimal,0.7,0.7,0.7,1000.0,False,,False,False,optimal,optimal,optimal,r_2111,0.009521435398429577,0.009521435398428296,0.009521435398429577,0.009521435398428296,-0.14932962452989754,-1.5036973515964451,2.373381760356247,1.5823917736385171,0.7,0.7,1.5844344707043352,0.00566566042451344,0.0011331320849026867,0.004532528339610753,0.0,0.004532528339610753,0.004196785499639586,0.00033574283997116693,0.0007954013368250946,0.009942516710313752,0.0,0.0
20.0,BIOMASS,0.8129651639309174,macro_sugar_derivative_smooth,1.6219662614546602,0.8129651639309174,208.1466497770879,103.3583966549741,104.7882531221138,0.0149672801342963,0.9123370866083673,1.0285981636592658,0.0038145473883124145,0.0038145473883124145,kic_to_3mbal,r_0072,False,False,True,True,0.2,0.2,True,optimal,0.7,0.7,0.7,1000.0,False,,False,False,optimal,optimal,optimal,r_2111,0.00881674155875849,0.008816741558757012,0.00881674155875849,0.008816741558757012,-0.118268909858215,-1.5036973515964451,2.298932601726016,1.5435420015608525,0.7,0.7,1.5435420015608523,0.00511578037080777,0.0,0.00511578037080777,0.0,0.00511578037080777,0.004736833676673859,0.00037894669413390873,0.00037894669413389144,0.004736833676673644,0.0,0.0
21.0,BIOMASS,0.7495638130094192,macro_sugar_derivative_smooth,1.6328965940442972,0.7495638130094192,207.89484582608486,103.35363025970142,104.54121556638346,0.0137698977235526,0.9122402267260457,1.0296121714133164,0.0035201527014928017,0.0035201527014928017,kic_to_3mbal,r_0072,False,False,True,True,0.2,0.2,True,optimal,0.7,0.7,0.7,1000.0,False,,False,False,optimal,optimal,optimal,r_2111,0.00817920034020616,0.008179200340207955,0.00817920034020616,0.008179200340207955,-0.12919924244785208,-1.5036973515964451,2.289676095551971,1.4716022351243276,0.7,0.7,1.4716022351243276,0.004618229970487271,0.0,0.00461822997048727,0.0,0.00461822997048727,0.0042761388615622856,0.00034209110892498285,0.00034209110892497797,0.004276138861562225,0.0,0.0
22.0,BIOMASS,0.7143765681808874,macro_sugar_derivative_smooth,1.6354990524079263,0.7143765681808874,207.6510405119102,103.3491695775723,104.3018709343379,0.0126683059056684,0.9121462394591883,1.0306107088285372,0.0033578116240687876,0.0033578116240687876,kic_to_3mbal,r_0072,False,False,True,True,0.2,0.2,True,optimal,0.7,0.7,0.7,1000.0,False,,False,False,optimal,optimal,optimal,r_2111,0.007601588571953176,0.007601594556815421,0.007601588571953176,0.007601594556815421,-0.13180170081148102,-1.5036973515964451,2.275360938804981,1.4102939353530246,0.7,0.7,1.4102939353530248,0.0041674477194755775,0.0,0.0041674477194755775,0.0,0.0041674477194755775,0.0038587478884033123,0.000308699831072265,0.0003086999820093499,0.0038587497751168725,0.0,0.0
23.0,BIOMASS,0.6873050756312225,macro_sugar_derivative_smooth,1.6378597179811525,0.6873050756312225,207.41457486470063,103.34499003340414,104.06958483129648,0.0116548414332149,0.9120548891296922,1.0315907442502845,0.003233314635290708,0.003233314635290708,kic_to_3mbal,r_0072,False,False,True,True,0.2,0.2,True,optimal,0.7,0.7,0.7,1000.0,False,,False,False,optimal,optimal,optimal,r_2111,0.007077642354383759,0.007077642354383723,0.007077642354383759,0.007077642354383723,-0.13416236638470747,-1.5036973515964451,2.2623757943814433,1.325593018507137,0.7,0.7,1.325593018507137,0.0037585512534477777,0.0,0.0037585512534477777,0.0,0.0037585512534477777,0.0034801400494886827,0.0002784112039590946,0.0002784112039590811,0.003480140049488513,0.0,0.0
24.0,BIOMASS,0.6630469229200656,macro_sugar_derivative_smooth,1.6400033955240254,0.6630469229200656,207.18484255764966,103.34106901627798,103.84377354137168,0.0107224541185577,0.911965957874479,1.0325494830634625,0.0031217906031456837,0.0031217906031456837,kic_to_3mbal,r_0072,False,False,True,True,0.2,0.2,True,optimal,0.7,0.7,0.7,1000.0,False,,False,False,optimal,optimal,optimal,r_2111,0.0066018563078485155,0.00660185630784935,0.0066018563078485155,0.00660185630784935,-0.1363060439275802,-1.5036973515964451,2.2505842205103233,1.2909394949546282,0.7,0.7,1.2909394949546285,0.0033872379468992708,0.0,0.003387237946899271,0.0,0.003387237946899271,0.0031363314323141394,0.00025090651458513114,0.0002509065145851371,0.0031363314323142135,0.0,0.0
25.0,BIOMASS,0.6410199693728161,macro_sugar_derivative_smooth,1.6319994139954557,0.6410199693728161,206.961285736197,103.3373857247352,103.6239000114618,0.0098646577890731,0.911879244360439,1.0334843950686714,0.0030205276633730963,0.0030205276633730963,kic_to_3mbal,r_0072,False,False,True,True,0.2,0.2,True,optimal,0.7,0.7,0.7,1000.0,False,,False,False,optimal,optimal,optimal,r_2111,0.006169374960337444,0.006169374960337079,0.006169374960337444,0.006169374960337079,-0.1283020623990105,-1.5036973515964451,2.254760927688129,1.3109412408933494,0.7,0.7,1.3109412408933496,0.00304972052633906,0.0,0.0030497205263390606,0.0,0.0030497205263390606,0.0028238153021657966,0.0002259052241732637,0.00022590522417325682,0.002823815302165713,0.0,0.0
26.0,BIOMASS,0.6209938620939056,macro_sugar_derivative_smooth,1.6282803677133273,0.6209938620939056,206.74339117782623,103.33392102124628,103.40947015657994,0.0090754851659472,0.9117945625841206,1.0343932352045904,0.002928464620723196,0.002928464620723196,kic_to_3mbal,r_0072,False,False,True,True,0.2,0.2,True,optimal,0.7,0.7,0.7,1000.0,False,,False,False,optimal,optimal,optimal,r_2111,0.005775902326369367,0.005775902326369015,0.005775902326369367,0.005775902326369015,-0.12458301611688212,-1.5036973515964451,2.2373117334317363,1.223634086696477,0.7,0.7,1.223634086696477,0.0029284646207231963,0.0,0.0029284646207231963,0.0,0.0029284646207231963,0.0027115413154844407,0.00021692330523875525,0.00020315898633533147,0.0025394873291916427,0.0,0.0
27.0,BIOMASS,0.6027466550193411,macro_sugar_derivative_smooth,1.6369256317729544,0.6027466550193411,206.5306866751254,103.33065729909602,103.20002937602938,0.0083494463526715,0.9117117407202203,1.0352740574739925,0.0028445769863311232,0.0028445769863311232,kic_to_3mbal,r_0072,False,False,True,True,0.2,0.2,True,optimal,0.7,0.7,0.7,1000.0,False,,False,False,optimal,optimal,optimal,r_2111,0.005417626232851672,0.005417626232851747,0.005417626232851672,0.005417626232851747,-0.13322828017650926,-1.5036973515964451,2.2368398114157997,1.159779643860396,0.7,0.7,1.159779643860396,0.0028445769863311237,0.0,0.0028445769863311237,0.0,0.0028445769863311237,0.002633867579936226,0.00021070940639489804,0.00018244742336695938,0.0022805927920869925,0.0,0.0
28.0,BIOMASS,0.5860760681680013,macro_sugar_derivative_smooth,1.6376945787560457,0.5860760681680013,206.32273776703147,103.32757835991823,102.99515940711322,0.0076814906444577,0.9116306200723531,1.0361252221870578,0.0027679302488776837,0.0027679302488776837,kic_to_3mbal,r_0072,False,False,True,True,0.2,0.2,True,optimal,0.7,0.7,0.7,1000.0,False,,False,False,optimal,optimal,optimal,r_2111,0.005091154634919507,0.005091158643272891,0.005091154634919507,0.005091158643272891,-0.13399722715960058,-1.5036973515964451,2.229316280476362,1.135349350232527,0.7,0.7,1.1353493502325267,0.002767930248877683,0.0,0.002767930248877683,0.0,0.002767930248877683,0.002562898378590446,0.00020503187028723566,0.00016357444473312277,0.0020446805591640346,0.0,0.0
29.0,BIOMASS,0.5708274503477918,macro_sugar_derivative_smooth,1.6418103510541153,0.5708274503477918,206.11914472879494,103.32466930102753,102.7944754277674,0.0070669713929011,0.9115510540958935,1.0369453968633622,0.0026978123571762573,0.0026978123571762573,kic_to_3mbal,r_0072,False,False,True,True,0.2,0.2,True,optimal,0.7,0.7,0.7,1000.0,False,,False,False,optimal,optimal,optimal,r_2111,0.0047934655200837445,0.004793461746109445,0.0047934655200837445,0.004793461746109445,-0.1381129994576701,-1.5036973515964451,2.2233464685627693,1.1557041402194763,0.7,0.7,1.153968296742374,0.0026978123571762577,0.0,0.0026978123571762577,0.0,0.0026978123571762577,0.002497974404792832,0.00019983795238342654,0.00014636503773181347,0.0018295629716476682,0.0,0.0
30.0,BIOMASS,0.5568674880763504,macro_sugar_derivative_smooth,1.638489129839065,0.5568674880763504,205.9195397549235,103.3219164117644,102.59762334315909,0.006501613681469,0.91147290747097,1.0377335513233008,0.0026336101652881623,0.0026336101652881623,kic_to_3mbal,r_0072,False,False,True,True,0.2,0.2,True,optimal,0.7,0.7,0.7,1000.0,False,,False,False,optimal,optimal,optimal,r_2111,0.004521842248251506,0.004521847588439754,0.004521842248251506,0.004521847588439754,-0.13479177824261976,-1.5036973515964451,2.2310876436099636,1.1102453725519799,0.7,0.7,1.0988816275868856,0.0026336101652881614,0.0,0.0026336101652881614,0.0,0.0026336101652881614,0.0024385279308223717,0.00019508223446578973,0.00013066300652505325,0.0016332875815631652,0.0,0.0
31.0,BIOMASS,0.544087816740595,macro_sugar_derivative_smooth,1.638911765764246,0.544087816740595,205.72358446158276,103.31930707813302,102.40427738344974,0.0059814845869515,0.91139605527838,1.0384889476447479,0.0025748268481368118,0.0025748268481368118,kic_to_3mbal,r_0072,False,False,True,True,0.2,0.2,True,optimal,0.7,0.7,0.7,1000.0,False,,False,False,optimal,optimal,optimal,r_2111,0.00427387218937725,0.004273876361844741,0.00427387218937725,0.004273876361844741,-0.13521441416780094,-1.5036973515964451,2.2253063276743066,1.1398724429434581,0.7,0.7,1.1305603218015599,0.0025748268481368135,0.0,0.002574826848136814,0.0,0.002574826848136814,0.0023840989334600123,0.00019072791467680098,0.00011632820882701756,0.0014541026103377169,0.0,0.0
32.0,BIOMASS,0.5323892879962494,macro_sugar_derivative_smooth,1.6418952000669844,0.5323892879962494,205.5311360375081,103.31682969506782,102.21430634244028,0.0055029658199954,0.9113204484693688,1.0392111257591836,0.0025210079532716973,0.0025210079532716973,kic_to_3mbal,r_0072,False,False,True,True,0.2,0.2,True,optimal,0.7,0.7,0.7,1000.0,False,,False,False,optimal,optimal,optimal,r_2111,0.0040473754464671495,0.004047375446466986,0.0040473754464671495,0.004047375446466986,-0.13819784847053931,-1.5036973515964451,2.2102273593434556,1.0580386994246782,0.7,0.7,1.0522195054863488,0.0025210079532716973,0.0,0.0025210079532716973,0.0,0.0025210079532716973,0.0023342666233997188,0.00018674132987197748,0.00010323459071927942,0.0012904323839909926,0.0,0.0
33.0,BIOMASS,0.5216724137124406,macro_sugar_derivative_smooth,1.640641466822919,0.5216724137124406,205.34190972015682,103.3144735857187,102.02743613443812,0.0050627285543957,0.9112459816070734,1.039899885514445,0.0024716958736343366,0.0024716958736343366,kic_to_3mbal,r_0072,False,False,True,True,0.2,0.2,True,optimal,0.7,0.7,0.7,1000.0,False,,False,False,optimal,optimal,optimal,r_2111,0.0038403948414982756,0.0038403978651066245,0.0038403948414982756,0.0038403978651066245,-0.13694411522647387,-1.5036973515964451,2.2004938276844555,1.043064296084605,0.7,0.7,1.0438883174747937,0.0024716958736343366,0.0,0.0024716958736343366,0.0,0.0024716958736343366,0.0022886072904021626,0.000183088583232173,9.126926442990859e-05,0.0011408658053738573,0.0,0.0
34.0,BIOMASS,0.5118477179139755,macro_sugar_derivative_smooth,1.6514742711448858,0.5118477179139755,205.15562858624125,103.31222892719354,101.8433996590477,0.0046577102700441,0.9111725515121226,1.0405552660424788,0.002426479103112062,0.002426479103112062,kic_to_3mbal,r_0072,False,False,True,True,0.2,0.2,True,optimal,0.7,0.7,0.7,1000.0,False,,False,False,optimal,optimal,optimal,r_2111,0.003651167166967562,0.0036511729162250098,0.003651167166967562,0.0036511729162250098,-0.14777691954844066,-1.5036973515964451,2.1697422055609454,1.0248472629023975,0.7,0.7,1.0164576903867912,0.0024264791031120623,0.0,0.002426479103112062,0.0,0.002426479103112062,0.0022467399102889464,0.00017973919282311573,8.033021596654273e-05,0.001004127699581787,0.0,0.0
35.0,BIOMASS,0.5028345964812455,macro_sugar_derivative_smooth,1.652485366032943,0.5028345964812455,204.97202267614676,103.31008668224128,101.66193599390547,0.0042850934484405,0.911100056966681,1.0411775232458171,0.0023849869824986913,0.0023849869824986913,kic_to_3mbal,r_0072,False,False,True,True,0.2,0.2,True,optimal,0.7,0.7,0.7,1000.0,False,,False,False,optimal,optimal,optimal,r_2111,0.0034781015109223747,0.003478101510922069,0.0034781015109223747,0.003478101510922069,-0.14878801443649792,-1.5036973515964451,2.166107528459891,1.0428442699006488,0.7,0.7,1.0411045172606652,0.0023849869824986913,0.0,0.0023849869824986913,0.0,0.0023849869824986913,0.002208321280091381,0.00017666570240731046,7.032547641921341e-05,0.0008790684552401683,0.0,0.0
36.0,BIOMASS,0.49458640604410825,macro_sugar_derivative_smooth,1.6314679104608676,0.49458640604410825,204.79078832903363,103.30803853640028,101.48274979263336,0.0039422859725653,0.9110283826634152,1.0417671061629565,0.002347008852031661,0.002347008852031661,kic_to_3mbal,r_0072,False,False,True,True,0.2,0.2,True,optimal,0.7,0.7,0.7,1000.0,False,,False,False,optimal,optimal,optimal,r_2111,0.0033197603787473886,0.0033197603787474272,0.0033197603787473886,0.0033197603787474272,-0.12777055886442246,-1.5036973515964451,2.1822113765639544,1.047062880855832,0.7,0.7,1.0442291264516148,0.002347008852031663,0.0,0.0023470088520316625,0.0,0.0023470088520316625,0.0021731563444737615,0.00017385250755790093,6.117194576942262e-05,0.0007646493221177809,0.0,0.0
37.0,BIOMASS,0.48706344727942,macro_sugar_derivative_smooth,1.6319000364620964,0.48706344727942,204.61171644124516,103.30607684017492,101.30563960107024,0.0036269030947601,0.9109574499635166,1.042324632897901,0.002312366323928573,0.002312366323928573,kic_to_3mbal,r_0072,False,False,True,True,0.2,0.2,True,optimal,0.7,0.7,0.7,1000.0,False,,False,False,optimal,optimal,optimal,r_2111,0.003174843195482234,0.003174846975863427,0.003174843195482234,0.003174846975863427,-0.12820268486565134,-1.5036973515964451,2.17942188824385,0.9809568979583704,0.7,0.7,0.9753721110900865,0.002312366323928573,0.0,0.002312366323928573,0.0,0.002312366323928573,0.0021410799295634936,0.00017128639436507953,5.2794439176638066e-05,0.0006599304897079766,0.0,0.0
38.0,BIOMASS,0.4802032124974567,macro_sugar_derivative_smooth,1.6446356425445179,0.4802032124974567,204.43461461360206,103.30419455583798,101.13042005776408,0.0033367508471793,0.9108871862995243,1.0428508667101304,0.0022807719576597293,0.0022807719576597293,kic_to_3mbal,r_0072,False,False,True,True,0.2,0.2,True,optimal,0.7,0.7,0.7,1000.0,False,,False,False,optimal,optimal,optimal,r_2111,0.003042171842450735,0.0030421742376037404,0.003042171842450735,0.0030421742376037404,-0.14093829094807284,-1.5036973515964451,2.1853664536536273,1.0114922290703703,0.7,0.7,1.0124059430489514,0.0022807719576597284,0.0,0.0022807719576597284,0.0,0.0022807719576597284,0.002111825886721971,0.00016894607093775765,4.512485086655426e-05,0.0005640606358319278,0.0,0.0
39.0,BIOMASS,0.473948989969715,macro_sugar_derivative_smooth,1.6507997970812576,0.473948989969715,204.25930580506846,103.30238520848894,100.95692059657952,0.0030698107794049,0.9108175247033696,1.0433466927649329,0.00225196495774039,0.00225196495774039,kic_to_3mbal,r_0072,False,False,True,True,0.2,0.2,True,optimal,0.7,0.7,0.7,1000.0,False,,False,False,optimal,optimal,optimal,r_2111,0.002920677939035022,0.0029206779390352883,0.002920677939035022,0.0029206779390352883,-0.14710244548481247,-1.5036973515964451,2.2116706189372297,1.009974095979349,0.7,0.7,1.011456200942983,0.0022519649577403896,0.0,0.00225196495774039,0.0,0.00225196495774039,0.0020851527386485085,0.0001668122190918807,3.810141890425398e-05,0.0004762677363031747,0.0,0.0
40.0,BIOMASS,0.46824365961567366,macro_sugar_derivative_smooth,1.6502237883205666,0.46824365961567366,204.08562710731704,103.30064284102744,100.7849842662896,0.0028242259170525,0.9107484033751894,1.0438130959461314,0.002225681775120011,0.002225681775120011,kic_to_3mbal,r_0072,False,False,True,True,0.2,0.2,True,optimal,0.7,0.7,0.7,1000.0,False,,False,False,optimal,optimal,optimal,r_2111,0.002809391627042592,0.0028093916270436337,0.002809391627042592,0.0028093916270436337,-0.14652643672412136,-1.5036973515964451,2.207745092729388,0.9881178796094243,0.7,0.7,0.9918682777129887,0.0022256817751200118,0.0,0.0022256817751200118,0.0,0.0022256817751200118,0.0020608164584444547,0.00016486531667555637,3.166807682990512e-05,0.0003958509603738142,0.0,0.0
41.0,BIOMASS,0.4630331636689749,macro_sugar_derivative_smooth,1.6428345467615886,0.4630331636689749,203.91342861406417,103.29896197272896,100.6144666413352,0.0025982878436883,0.9106797652834306,1.0442511400384389,0.0022016726465545746,0.0022016726465545746,kic_to_3mbal,r_0072,False,False,True,True,0.2,0.2,True,optimal,0.7,0.7,0.7,1000.0,False,,False,False,optimal,optimal,optimal,r_2111,0.0027074316533708875,0.00270751487382228,0.0027074316533708875,0.00270751487382228,-0.13913719516514353,-1.5036973515964451,2.175015600139415,0.9444063727927617,0.7,0.7,0.9449873152494159,0.0022016726465545746,0.0,0.0022016726465545746,0.0,0.0022016726465545746,0.0020385857838468276,0.0001630868627077462,2.5771835303390293e-05,0.00032214794129237874,0.0,0.0
42.0,BIOMASS,0.4582748571207557,macro_sugar_derivative_smooth,1.640515543248606,0.4582748571207557,203.7425723808584,103.29733756113464,100.44523481972378,0.0023904248161932,0.9106115577952878,1.044661948498484,0.002179741381547088,0.002179741381547088,kic_to_3mbal,r_0072,False,False,True,True,0.2,0.2,True,optimal,0.7,0.7,0.7,1000.0,False,,False,False,optimal,optimal,optimal,r_2111,0.0026139965783142723,0.0026139986363585554,0.0026139965783142723,0.0026139986363585554,-0.13681819165216083,-1.5036973515964451,2.173976611758888,0.9679314463708718,0.7,0.7,0.9728428250578542,0.0021797413815470863,0.0,0.0021797413815470863,0.0,0.0021797413815470863,0.0020182790569880423,0.0001614623245590434,2.0367233577732395e-05,0.0002545904197216549,0.0,0.0
43.0,BIOMASS,0.45392994656041885,macro_sugar_derivative_smooth,1.6406739271467643,0.45392994656041885,203.57293723372442,103.29576496698952,100.27717226673488,0.0021991908308978,0.9105437346422126,1.0450466869543802,0.002159709518493197,0.002159709518493197,kic_to_3mbal,r_0072,False,False,True,True,0.2,0.2,True,optimal,0.7,0.7,0.7,1000.0,False,,False,False,optimal,optimal,optimal,r_2111,0.002528356962950774,0.0025285589073061505,0.002528356962950774,0.0025285589073061505,-0.13697657555031906,-1.5036973515964451,2.17176812487356,0.9303356916306619,0.7,0.7,0.9362258225963955,0.002159709518493197,0.0,0.002159709518493197,0.0,0.002159709518493197,0.001999731035641849,0.0001599784828513479,1.541667197637917e-05,0.00019270839970473989,0.0,0.0
44.0,BIOMASS,0.4499631137306357,macro_sugar_derivative_smooth,1.6427129231314441,0.4499631137306357,203.40437547777316,103.29423992198592,100.11013555578722,0.002023255564426,0.9104762386268042,1.0454065475049608,0.002141414552675644,0.002141414552675644,kic_to_3mbal,r_0072,False,False,True,True,0.2,0.2,True,optimal,0.7,0.7,0.7,1000.0,False,,False,False,optimal,optimal,optimal,r_2111,0.0024498484108312567,0.0024498503396398084,0.0024498484108312567,0.0024498503396398084,-0.139015571534999,-1.5036973515964451,2.165913168763734,0.9720478961128655,0.7,0.7,0.9757658483202208,0.002141414552675644,0.0,0.0021414145526756434,0.0,0.0021414145526756434,0.001982791252477447,0.00015862330019819577,1.087833511142602e-05,0.0001359791888928252,0.0,0.0
45.0,BIOMASS,0.4463421815181192,macro_sugar_derivative_smooth,1.6427974364023323,0.4463421815181192,203.2367534375305,103.29275849908754,99.94399493844296,0.0018613951192719,0.9104090178161603,1.0457427348320716,0.002124708439676731,0.002124708439676731,kic_to_3mbal,r_0072,False,False,True,True,0.2,0.2,True,optimal,0.7,0.7,0.7,1000.0,False,,False,False,optimal,optimal,optimal,r_2111,0.0023778653572790976,0.0023778653572782697,0.0023778653572790976,0.0023778653572782697,-0.13910008480588715,-1.5036973515964451,2.1640454102631823,0.9140693470129602,0.7,0.7,0.9145795220018477,0.002124708439676731,0.0,0.002124708439676731,0.0,0.002124708439676731,0.001967322629330306,0.00015738581034642447,6.717217159600435e-06,8.396521449500692e-05,0.0,0.0
46.0,BIOMASS,0.4430378151755195,macro_sugar_derivative_smooth,1.6328377737681048,0.4430378151755195,203.06997620136758,103.29131708522728,99.77865911614032,0.0017124835097301,0.9103420355326268,1.046056454092498,0.0021094562442943005,0.0021094562442943005,kic_to_3mbal,r_0072,False,False,True,True,0.2,0.2,True,optimal,0.7,0.7,0.7,1000.0,False,,False,False,optimal,optimal,optimal,r_2111,0.002311855514854791,0.0023119709188982843,0.002311855514854791,0.0023119709188982843,-0.1291404221716596,-1.5036973515964451,2.0974915508148597,0.9043572500767738,0.7,0.7,0.9013392141587937,0.0021094562442943005,0.0,0.002109456244294301,0.0,0.002109456244294301,0.0019532002261984267,0.00015625601809587415,2.9013920904340986e-06,3.626740113042611e-05,0.0,0.0
47.0,BIOMASS,0.44002411455211743,macro_sugar_derivative_smooth,1.6329839196400073,0.44002411455211743,202.90395641954257,103.28991235618946,99.61404406335312,0.0015754848289517,0.9102752579126202,1.046348900519636,0.0020955389750281586,0.0020955389750281586,kic_to_3mbal,r_0072,False,False,True,True,0.2,0.2,True,optimal,0.7,0.7,0.7,1000.0,False,,False,False,optimal,optimal,optimal,r_2111,0.0022513148962972967,0.0022513166687964767,0.0022513148962972967,0.0022513166687964767,-0.12928656804356226,-1.5036973515964451,2.095843194325356,0.9085966404344169,0.7,0.7,0.9090796754471473,0.0020955389750281586,0.0,0.002095538975028158,0.0,0.002095538975028158,0.0019403138657668134,0.00015522510926134505,0.0,0.0,0.0,0.0
48.0,BIOMASS,0.4372729162361736,macro_sugar_derivative_smooth,1.6331338883147586,0.4372729162361736,202.7386136992008,103.2885412535014,99.4500724456994,0.0014494460426356,0.9102086536867418,1.0466212506380013,0.0020828264867186323,0.0020828264867186323,kic_to_3mbal,r_0072,False,False,True,True,0.2,0.2,True,optimal,0.7,0.7,0.7,1000.0,False,,False,False,optimal,optimal,optimal,r_2111,0.002195783346976428,0.002195783346977156,0.002195783346976428,0.002195783346977156,-0.12943653671831354,-1.5036973515964451,2.094230924782761,0.8983469317343401,0.7,0.7,0.8980961418744801,0.0020828264867186344,0.0,0.002082826486718634,0.0,0.002082826486718634,0.0019285430432579946,0.0001542834434606396,0.0,0.0,0.0,0.0
49.0,BIOMASS,0.4372729162361736,macro_sugar_derivative_smooth,1.6332861251496529,0.4372729162361736,202.57387404777486,103.28720096317365,99.28667308460122,0.0013334903592247,0.9101421939768768,1.0468746549749461,0.002083178657218142,0.002083178657218142,kic_to_3mbal,r_0072,False,False,True,True,0.2,0.2,True,optimal,0.7,0.7,0.7,1000.0,False,,False,False,optimal,optimal,optimal,r_2111,0.002144840528078334,0.0021448405280783418,0.002144840528078334,0.0021448405280783418,-0.1295887735532077,-1.5036973515964451,2.0928082514259962,0.8972992439487609,0.7,0.7,0.8977594123466559,0.0020831786572181364,0.0,0.0020831786572181364,0.0,0.0020831786572181364,0.0019288691270538305,0.00015430953016430643,0.0,0.0,0.0,0.0
50.0,BIOMASS,0.4372729162361736,macro_sugar_derivative_smooth,1.633425797043624,0.4372729162361736,202.40966936091274,103.28588889614102,99.12378046477173,0.0012268111304867,0.9100758521089961,1.0471102321423948,0.0020834955521174575,0.0020834955521174575,kic_to_3mbal,r_0072,False,False,True,True,0.2,0.2,True,optimal,0.7,0.7,0.7,1000.0,False,,False,False,optimal,optimal,optimal,r_2111,0.0020981022994183743,0.0020982715307046344,0.0020981022994183743,0.0020982715307046344,-0.12972844544717874,-1.5036973515964451,2.09150299910398,0.8975077132447313,0.7,0.7,0.897957900910565,0.0020834955521174515,0.0,0.0020834955521174515,0.0,0.0020834955521174515,0.0019291625482568996,0.000154333003860552,0.0,0.0,0.0,0.0
51.0,BIOMASS,0.4372729162361736,macro_sugar_derivative_smooth,1.6335548680859464,0.4372729162361736,202.2459369513715,103.28460267026844,98.96133428110308,0.0011286662400478,0.910009603440462,1.0473290641557191,0.002083779275719903,0.002083779275719903,kic_to_3mbal,r_0072,False,False,True,True,0.2,0.2,True,optimal,0.7,0.7,0.7,1000.0,False,,False,False,optimal,optimal,optimal,r_2111,0.0020552174574124315,0.00205538322964472,0.0020552174574124315,0.00205538322964472,-0.1298575164895013,-1.5036973515964451,2.0903084652357817,0.8854576654369896,0.7,0.7,0.8828174444668216,0.0020837792757199014,0.0,0.0020837792757199014,0.0,0.0020837792757199014,0.0019294252552962054,0.00015435402042369645,0.0,0.0,0.0,0.0
52.0,BIOMASS,0.4372729162361736,macro_sugar_derivative_smooth,1.6336724515582726,0.4372729162361736,202.08261911559939,103.2833400937961,98.79927902180329,0.001038372940844,0.9099434252007379,1.047532192855969,0.0020840318559940344,0.0020840318559940344,kic_to_3mbal,r_0072,False,False,True,True,0.2,0.2,True,optimal,0.7,0.7,0.7,1000.0,False,,False,False,optimal,optimal,optimal,r_2111,0.002015864789359407,0.0020160056723111264,0.002015864789359407,0.0020160056723111264,-0.12997509996182743,-1.5036973515964451,2.0892094090248174,0.882887073207344,0.7,0.7,0.8816818743093708,0.002084031855994033,0.0,0.002084031855994033,0.0,0.002084031855994033,0.0019296591259204006,0.00015437273007363212,0.0,0.0,0.0,0.0
53.0,TURNOVER_ATPM,0.4372729162361736,macro_sugar_derivative_smooth,3.327146950854651,0.4372729162361736,201.9196627349912,103.28209915010918,98.63756358488202,0.0009553031055764,0.9098772963444735,1.0477206173044518,0.0020842552390976203,0.0020842552390976203,kic_to_3mbal,r_0072,False,False,True,True,0.2,0.2,False,not_biomass,,,,,False,,False,False,optimal,optimal,optimal,r_4046,6.677676095161038,6.673284804620409,0.0,0.0,-1.8234495992582056,-1.5036973515964451,6.6709605683759685,6.670855354135812,6.677676095161038,6.673284804620409,6.669753142118167,0.0020842552390976203,0.0,0.0020842552390976203,0.0,0.0020842552390976203,0.0019298659621274263,0.00015438927697019412,0.0,0.0,0.0,0.0
54.0,TURNOVER_ATPM,0.4372729162361736,macro_sugar_derivative_smooth,3.3258848662069553,0.4372729162361736,200.77001933757194,102.47804088679774,98.2919784507742,0.0009553031055764,0.9094079890919488,1.0477206173044518,0.0020831801973268775,0.0020831801973268775,kic_to_3mbal,r_0072,False,False,True,True,0.2,0.2,False,not_biomass,,,,,False,,False,False,optimal,optimal,optimal,r_4046,6.675135632428163,6.670690293755182,0.0,0.0,-1.82218751461051,-1.5036973515964451,6.668436399080573,6.668378792413786,6.675135632428163,6.670690293755182,6.667217081575774,0.0020831801973268775,0.0,0.0020831801973268775,0.0,0.0020831801973268775,0.0019288705530804422,0.00015430964424643538,0.0,0.0,0.0,0.0
55.0,TURNOVER_ATPM,0.4372729162361736,macro_sugar_derivative_smooth,3.3246171860465434,0.4372729162361736,199.62986553232065,101.68182663002868,97.94803890229196,0.0009553031055764,0.9089377032056836,1.0477206173044518,0.00208210291380056,0.00208210291380056,kic_to_3mbal,r_0072,False,False,True,True,0.2,0.2,False,not_biomass,,,,,False,,False,False,optimal,optimal,optimal,r_4046,6.672584548940189,6.668065497789619,0.0,0.0,-1.8209198344500985,-1.5036973515964451,6.665901038759756,6.665721637394629,6.672584548940189,6.668065497789619,6.664540410439283,0.00208210291380056,0.0,0.00208210291380056,0.0,0.00208210291380056,0.001927873068333852,0.00015422984546670815,0.0,0.0,0.0,0.0
56.0,TURNOVER_ATPM,0.4372729162361736,macro_sugar_derivative_smooth,3.323343736626394,0.4372729162361736,198.49895040351856,100.8932582534637,97.60569215005488,0.0009553031055764,0.9084663795269291,1.0477206173044518,0.0020810232530037672,0.0020810232530037672,kic_to_3mbal,r_0072,False,False,True,True,0.2,0.2,False,not_biomass,,,,,False,,False,False,optimal,optimal,optimal,r_4046,6.670022477243571,6.665430380925743,0.0,0.0,-1.8196463850299487,-1.5036973515964451,6.663354139919457,6.6625561048391635,6.670022477243571,6.665430380925743,6.661872894434287,0.0020810232530037672,0.00041620465060075344,0.0016648186024030135,0.0,0.0016648186024030135,0.0019268733824108957,0.00015414987059287166,0.0,0.0,0.0,0.0
57.0,TURNOVER_ATPM,0.4372729162361736,macro_sugar_derivative_smooth,3.32206434665654,0.4372729162361736,197.37703392340825,100.11214623925632,97.26488768415192,0.0009553031055764,0.9079939603599205,1.0477206173044518,0.0020799410827728546,0.0020799410827728546,kic_to_3mbal,r_0072,False,False,True,True,0.2,0.2,False,not_biomass,,,,,False,,False,False,optimal,optimal,optimal,r_4046,6.667404155366704,6.662786575814697,0.0,0.0,-1.8183669950600951,-1.5036973515964451,6.66083327564575,6.66035467595465,6.667404155366704,6.662786575814697,6.6591433641077655,0.002079941082772855,0.0,0.002079941082772855,0.0,0.002079941082772855,0.0019258713729378288,0.00015406970983502632,0.0,0.0,0.0,0.0
58.0,TURNOVER_ATPM,0.4372729162361736,macro_sugar_derivative_smooth,3.320778847057494,0.4372729162361736,196.26388630611257,99.3383091679401,96.92557713817246,0.0009553031055764,0.9075203893650056,1.0477206173044518,0.002078856274050621,0.002078856274050621,kic_to_3mbal,r_0072,False,False,True,True,0.2,0.2,False,not_biomass,,,,,False,,False,False,optimal,optimal,optimal,r_4046,6.664770117560845,6.660133633113972,0.0,0.0,-1.8170814954610488,-1.5036973515964451,6.658303577604479,6.657374453511829,6.664770117560845,6.660133633113972,6.656330619950285,0.002078856274050621,0.0,0.002078856274050621,0.0,0.002078856274050621,0.0019248669204172417,0.00015398935363337933,0.0,0.0,0.0,0.0
59.0,TURNOVER_ATPM,0.4372729162361736,macro_sugar_derivative_smooth,3.3194870707306103,0.4372729162361736,195.15928741017643,98.5715732466763,96.58771416350014,0.0009553031055764,0.9070456114596053,1.0477206173044518,0.0020777687006594465,0.0020777687006594465,kic_to_3mbal,r_0072,False,False,True,True,0.2,0.2,False,not_biomass,,,,,False,,False,False,optimal,optimal,optimal,r_4046,6.662125732650577,6.657471111338499,0.0,0.0,-1.8157897191341652,-1.5036973515964451,6.655759880567049,6.6546050552079,6.662125732650577,6.657471111338499,6.653589882762668,0.0020777687006594465,0.0,0.0020777687006594465,0.0,0.0020777687006594465,0.001923859908018006,0.00015390879264144048,0.0,0.0,0.0,0.0
60.0,TURNOVER_ATPM,0.4372729162361736,macro_sugar_derivative_smooth,3.3181888523438143,0.4372729162361736,194.06302618533138,97.81177187239244,96.25125431293894,0.0009553031055764,0.9065695727262848,1.0477206173044518,0.0020766782390907023,0.0020766782390907023,kic_to_3mbal,r_0072,False,False,True,True,0.2,0.2,False,not_biomass,,,,,False,,False,False,optimal,optimal,optimal,r_4046,6.65947059274946,6.654798576295928,0.0,0.0,-1.8144915007473694,-1.5036973515964451,6.653201904463213,6.651842776488794,6.65947059274946,6.654798576295928,6.650850381338192,0.0020766782390907045,0.0,0.0020766782390907045,0.0,0.0020766782390907045,0.0019228502213802822,0.00015382801771042233,0.0,0.0,0.0,0.0
61.0,TURNOVER_ATPM,0.4372729162361736,macro_sugar_derivative_smooth,3.3168840281312653,0.4372729162361736,192.97490015954736,97.0587452267076,95.91615493283976,0.0009553031055764,0.9060922203272909,1.0477206173044518,0.002075584768308987,0.002075584768308987,kic_to_3mbal,r_0072,False,False,True,True,0.2,0.2,False,not_biomass,,,,,False,,False,False,optimal,optimal,optimal,r_4046,6.656804295806294,6.6521156005547315,0.0,0.0,-1.8131866765348204,-1.5036973515964451,6.650629370584432,6.650323250538747,6.656804295806294,6.6521156005547315,6.648898260094246,0.0020755847683089864,0.0,0.002075584768308987,0.0,0.002075584768308987,0.0019218377484342471,0.00015374701987473977,0.0,0.0,0.0,0.0
62.0,TURNOVER_ATPM,0.4372729162361736,macro_sugar_derivative_smooth,3.3155724357056817,0.4372729162361736,191.8947149628443,96.3123398998626,95.5823750629817,0.0009553031055764,0.9056135024249803,1.0477206173044518,0.00207448816956985,0.00207448816956985,kic_to_3mbal,r_0072,False,False,True,True,0.2,0.2,False,not_biomass,,,,,False,,False,False,optimal,optimal,optimal,r_4046,6.654126445135199,6.649421762942046,0.0,0.0,-1.8118750841092368,-1.5036973515964451,6.648042001270459,6.647692959984832,6.654126445135199,6.649421762942046,6.646235661249841,0.00207448816956985,0.0,0.00207448816956985,0.0,0.00207448816956985,0.001920822379231343,0.00015366579033850743,0.0,0.0,0.0,0.0
63.0,TURNOVER_ATPM,0.4372729162361736,macro_sugar_derivative_smooth,3.3142539138821876,0.4372729162361736,190.8222838846945,95.57240854115574,95.24987534353878,0.0009553031055764,0.9051333681076207,1.0477206173044518,0.0020733883262498247,0.0020733883262498247,kic_to_3mbal,r_0072,False,False,True,True,0.2,0.2,False,not_biomass,,,,,False,,False,False,optimal,optimal,optimal,r_4046,6.65143664897199,6.646716648069102,0.0,0.0,-1.8105565622857427,-1.5036973515964451,6.645439519616866,6.644938410973103,6.65143664897199,6.646716648069102,6.6434901990501904,0.002073388326249825,0.0,0.002073388326249825,0.0,0.002073388326249825,0.0019198040057868753,0.00015358432046294994,0.0,0.0,0.0,0.0
64.0,TURNOVER_ATPM,0.4372729162361736,macro_sugar_derivative_smooth,3.3129283025126472,0.4372729162361736,189.75742746216582,94.8388095336366,94.91861792852922,0.0009553031055764,0.9046517673200992,1.0477206173044518,0.002072285123687701,0.002072285123687701,kic_to_3mbal,r_0072,False,False,True,True,0.2,0.2,False,not_biomass,,,,,False,,False,False,optimal,optimal,optimal,r_4046,6.64873452005473,6.6439998458817895,0.0,0.0,-1.8092309509162023,-1.5036973515964451,6.6428216492014025,6.642150818395603,6.64873452005473,6.6439998458817895,6.640719759278844,0.002072285123687701,0.0,0.0020722851236877012,0.0,0.0020722851236877012,0.0019187825219330564,0.0001535026017546445,0.0,0.0,0.0,0.0
65.0,TURNOVER_ATPM,0.4372729162361736,macro_sugar_derivative_smooth,3.3115954423295637,0.4372729162361736,188.6999730962365,94.11140669103126,94.58856640520524,0.0009553031055764,0.9041686507991186,1.0477206173044518,0.0020711784490360817,0.0020711784490360817,kic_to_3mbal,r_0072,False,False,True,True,0.2,0.2,False,not_biomass,,,,,False,,False,False,optimal,optimal,optimal,r_4046,6.6460196752266425,6.641270951234509,0.0,0.0,-1.8078980907331184,-1.5036973515964451,6.640188113827538,6.639553144359247,6.6460196752266425,6.641270951234509,6.637839423421321,0.0020711784490360817,0.0,0.0020711784490360812,0.0,0.0020711784490360812,0.0019177578231815572,0.0001534206258545246,0.0,0.0,0.0,0.0
66.0,TURNOVER_ATPM,0.4372729162361736,macro_sugar_derivative_smooth,3.310255174798701,0.4372729162361736,187.6497546939638,93.39006897507062,94.2596857188932,0.0009553031055764,0.903683970012504,1.0477206173044518,0.0020700681911223497,0.0020700681911223497,kic_to_3mbal,r_0072,False,False,True,True,0.2,0.2,False,not_biomass,,,,,False,,False,False,optimal,optimal,optimal,r_4046,6.643291735059155,6.638529563485644,0.0,0.0,-1.8065578232022559,-1.5036973515964451,6.63753863728338,6.635812888942205,6.643291735059155,6.638529563485644,6.634681017906082,0.0020700681911223497,0.0,0.0020700681911223497,0.0,0.0020700681911223497,0.001916729806594768,0.00015333838452758148,0.0,0.0,0.0,0.0
67.0,TURNOVER_ATPM,0.4372729162361736,macro_sugar_derivative_smooth,3.3089073419796806,0.4372729162361736,186.60661233440925,92.67467023156787,93.93194210284136,0.0009553031055764,0.9031976771022778,1.0477206173044518,0.0020689542403182722,0.0020689542403182722,kic_to_3mbal,r_0072,False,False,True,True,0.2,0.2,False,not_biomass,,,,,False,,False,False,optimal,optimal,optimal,r_4046,6.640550323494059,6.635775286112261,0.0,0.0,-1.8052099903832357,-1.5036973515964451,6.634872943114793,6.633093614863097,6.640550323494059,6.635775286112261,6.631941264537043,0.0020689542403182722,0.0,0.0020689542403182722,0.0,0.0020689542403182722,0.0019156983706650667,0.00015325586965320536,0.0,0.0,0.0,0.0
68.0,TURNOVER_ATPM,0.4372729162361736,macro_sugar_derivative_smooth,3.307551786393855,0.4372729162361736,185.5703919564229,91.96508894374824,93.60530301267464,0.0009553031055764,0.9027097248311925,1.0477206173044518,0.0020678364884175213,0.0020678364884175213,kic_to_3mbal,r_0072,False,False,True,True,0.2,0.2,False,not_biomass,,,,,False,,False,False,optimal,optimal,optimal,r_4046,6.637795067502789,6.6330077263437985,0.0,0.0,-1.80385443479741,-1.5036973515964451,6.6321907544111625,6.6309002892442015,6.637795067502789,6.6330077263437985,6.629531635673878,0.0020678364884175213,0.0,0.0020678364884175213,0.0,0.0020678364884175213,0.0019146634152014087,0.00015317307321611272,0.0,0.0,0.0,0.0
69.0,TURNOVER_ATPM,0.4372729162361736,macro_sugar_derivative_smooth,3.3061883508988466,0.4372729162361736,184.54094506656529,91.26120800147244,93.27973706509285,0.0009553031055764,0.9022200665324429,1.0477206173044518,0.0020667148285204813,0.0020667148285204813,kic_to_3mbal,r_0072,False,False,True,True,0.2,0.2,False,not_biomass,,,,,False,,False,False,optimal,optimal,optimal,r_4046,6.635025596761861,6.630226494812192,0.0,0.0,-1.8024909993024014,-1.5036973515964451,6.629491793602781,6.6285087981497615,6.635025596761861,6.630226494812192,6.626481433026156,0.0020667148285204813,0.0,0.0020667148285204813,0.0,0.0020667148285204813,0.0019136248412226675,0.00015308998729781343,0.0,0.0,0.0,0.0
70.0,TURNOVER_ATPM,0.4372729162361736,macro_sugar_derivative_smooth,3.3048168785691825,0.4372729162361736,183.51812846560358,90.56291448512164,92.95521398048194,0.0009553031055764,0.9017286560623017,1.0477206173044518,0.0020655891549257515,0.0020655891549257515,kic_to_3mbal,r_0072,False,False,True,True,0.2,0.2,False,not_biomass,,,,,False,,False,False,optimal,optimal,optimal,r_4046,6.6322415433428805,6.627431205217701,0.0,0.0,-1.8011195269727376,-1.5036973515964451,6.626775782268746,6.625713536349681,6.6322415433428805,6.627431205217701,6.6236147103145955,0.0020655891549257515,0.0,0.0020655891549257515,0.0,0.0020655891549257515,0.0019125825508571775,0.00015300660406857423,0.0,0.0,0.0,0.0
71.0,TURNOVER_ATPM,0.4372729162361736,macro_sugar_derivative_smooth,3.303437212582514,0.4372729162361736,182.5018039921601,89.87009946302099,92.63170452913909,0.0009553031055764,0.9012354477554466,1.0477206173044518,0.0020644593630278116,0.0020644593630278116,kic_to_3mbal,r_0072,False,False,True,True,0.2,0.2,False,not_biomass,,,,,False,,False,False,optimal,optimal,optimal,r_4046,6.629442541416483,6.624621474009328,0.0,0.0,-1.7997398609860686,-1.5036973515964451,6.6240424409543035,6.622343890267466,6.629442541416483,6.624621474009328,6.621016105641465,0.0020644593630278116,0.0,0.002064459363027812,0.0,0.002064459363027812,0.0019115364472479738,0.00015292291577983792,0.0,0.0,0.0,0.0
