state_idx,fe,cp,value
0,0,0,0.05086754923459703
0,0,1,0.059491755803743565
0,0,2,0.06553437773371192
0,1,0,0.07207074119503368
0,1,1,0.08279772576985905
0,1,2,0.0901120358583761
0,2,0,0.09707959605728411
0,2,1,0.1045362883946933
0,2,2,0.09932921188929447
0,3,0,0.09227209564572236
0,3,1,0.04552363088876655
0,3,2,0.022559257059589045
0,4,0,0.05102775866546366
0,4,1,0.019702929593808368
0,4,2,0.017445133260592143
0,5,0,0.02635102210416592
0,5,1,0.015274735705951266
0,5,2,0.013598877273573949
0,6,0,0.016573317512399263
0,6,1,0.012039234000773934
0,6,2,0.010802649394252305
0,7,0,0.012038043316786722
0,7,1,0.0096859651494163
0,7,2,0.008779129757450573
0,8,0,0.009347756180054278
0,8,1,0.007973767716796528
0,8,2,0.007310935204483988
0,9,0,0.00759267194712537
0,9,1,0.0067285385005234595
0,9,2,0.0062451400241322124
0,10,0,0.006400228875855176
0,10,1,0.005824099224681915
0,10,2,0.005472313707713924
0,11,0,0.005568279580521708
0,11,1,0.005168686655862256
0,11,2,0.00491334246057225
0,12,0,0.004976139429329293
0,12,1,0.00469528465124131
0,12,2,0.004510544724620284
0,13,0,0.004553178234502317
0,13,1,0.004354961673570057
0,13,2,0.0
0,14,0,0.004277890105561268
0,14,1,0.0
0,14,2,0.0
0,15,0,0.0
0,15,1,0.0
0,15,2,0.0
0,16,0,0.0
0,16,1,0.0
0,16,2,0.0
0,17,0,0.0
0,17,1,0.0
0,17,2,0.0
1,0,0,-0.001915853352865736
1,0,1,-0.0023057386004235775
1,0,2,-0.002687808286540598
1,1,0,-0.0033139067982658555
1,1,1,-0.004799103952060487
1,1,2,-0.005833132853745651
1,2,0,-0.006159293209510732
1,2,1,-0.006503521529437503
1,2,2,-0.00631435076837501
1,3,0,-0.005816222912549831
1,3,1,-0.0018464541765008413
1,3,2,-0.0
1,4,0,-0.0026241482206557816
1,4,1,-0.0
1,4,2,-0.0
1,5,0,-0.0008101882977312295
1,5,1,-0.0
1,5,2,-0.0
1,6,0,-0.00025752821672506496
1,6,1,-0.0
1,6,2,-0.0
1,7,0,-9.791949652173026e-05
1,7,1,-0.0
1,7,2,-0.0
1,8,0,-4.08607970877795e-05
1,8,1,-0.0
1,8,2,-0.0
1,9,0,-1.7534040001784642e-05
1,9,1,-0.0
1,9,2,-0.0
1,10,0,-8.071155165611201e-06
1,10,1,-0.0
1,10,2,-0.0
1,11,0,-4.204837510399928e-06
1,11,1,-0.0
1,11,2,-0.0
1,12,0,-2.3084789765901443e-06
1,12,1,-0.0
1,12,2,-0.0
1,13,0,-1.299712034580098e-06
1,13,1,-0.0
1,13,2,0.0
1,14,0,-7.474023843410286e-07
1,14,1,0.0
1,14,2,0.0
1,15,0,0.0
1,15,1,0.0
1,15,2,0.0
1,16,0,0.0
1,16,1,0.0
1,16,2,0.0
1,17,0,0.0
1,17,1,0.0
1,17,2,0.0
2,0,0,-0.27501281035551256
2,0,1,-0.3216571569354661
2,0,2,-0.3550165397551167
2,1,0,-0.3924175970814271
2,1,1,-0.4558131643925699
2,1,2,-0.5006959495004754
2,2,0,-0.543819102408355
2,2,1,-0.6180055008895403
2,2,2,-0.6649528342991596
2,3,0,-0.6910697099367745
2,3,1,-0.7066441206619962
2,3,2,-0.7299231033602366
2,4,0,-0.7171198803816229
2,4,1,-0.72102687277897
2,4,2,-0.7477137670757308
2,5,0,-0.7133027447606318
2,5,1,-0.7185354723954046
2,5,2,-0.7296539437000027
2,6,0,-0.7102640987999752
2,6,1,-0.7120677076218977
2,6,2,-0.7160362957680069
2,7,0,-0.7068748984105311
2,7,1,-0.7081675650224288
2,7,2,-0.7121398147480414
2,8,0,-0.7090868479777269
2,8,1,-0.7183825766547165
2,8,2,-0.7285864920545726
2,9,0,-0.7298777702754488
2,9,1,-0.7398645412243696
2,9,2,-0.7435266196361713
2,10,0,-0.742217063277975
2,10,1,-0.7408807981883472
2,10,2,-0.7385615122610583
2,11,0,-0.736133063105111
2,11,1,-0.7312138036947997
2,11,2,-0.7274723790748572
2,12,0,-0.725073709557912
2,12,1,-0.7193946793919456
2,12,2,-0.7152859506295286
2,13,0,-0.7130497341385277
2,13,1,-0.7071636154939441
2,13,2,-0.7029222430233938
2,14,0,-0.1727722138360627
2,14,1,-0.7032065069315719
2,14,2,-0.7039818302814743
2,15,0,-0.6868173560071981
2,15,1,-0.6771984132633898
2,15,2,-0.670312077393428
2,16,0,-0.6676130087892508
2,16,1,-0.6584684292305655
2,16,2,-0.6519134959501635
2,17,0,-0.6493356641947761
2,17,1,-0.640612062515704
2,17,2,-0.6343512696138194
3,0,0,-0.1394659371824498
3,0,1,-0.16340949119034712
3,0,2,-0.1805734496263795
3,1,0,-0.1998184571872782
3,1,1,-0.23248300645049924
3,1,2,-0.25559724923255894
3,2,0,-0.27656464444301315
3,2,1,-0.31200253061971955
3,2,2,-0.33175943852961043
3,3,0,-0.3404521303177456
3,3,1,-0.32030397790879656
3,3,2,-0.3187857875158696
3,4,0,-0.33341958459914334
3,4,1,-0.3188940514644544
3,4,2,-0.3328842781697716
3,5,0,-0.32433377524965223
3,5,1,-0.3238595411297013
3,5,2,-0.331155119986488
3,6,0,-0.3251613316733545
3,6,1,-0.32750534077314253
3,6,2,-0.3320921410618198
3,7,0,-0.32983084724857337
3,7,1,-0.3350204110052518
3,7,2,-0.34246155722095756
3,8,0,-0.3443276753180185
3,8,1,-0.36191993659057947
3,8,2,-0.37958446426408604
3,9,0,-0.3859568145051408
3,9,1,-0.40716720836802095
3,9,2,-0.4177754986235504
3,10,0,-0.4199877397901162
3,10,1,-0.4264229702730307
3,10,2,-0.4291249330625939
3,11,0,-0.42923603045717446
3,11,1,-0.4309468463382226
3,11,2,-0.4319246361004652
3,12,0,-0.4317852649754626
3,12,1,-0.4326368920192529
3,12,2,-0.4332624186573764
3,13,0,-0.43316614200647585
3,13,1,-0.433827545861546
3,13,2,-0.434345535453896
3,14,0,-0.0
3,14,1,-0.436029723561615
3,14,2,-0.43739304275196156
3,15,0,-0.43200612204940353
3,15,1,-0.43023002243168734
3,15,2,-0.42899041337063715
3,16,0,-0.42846190054462435
3,16,1,-0.4268356428518426
3,16,2,-0.4257005245973899
3,17,0,-0.4252113329561584
3,17,1,-0.4237182524829317
3,17,2,-0.42267603674433296
4,0,0,0.19141244115770517
4,0,1,0.22425329338390673
4,0,2,0.2496416118535239
4,1,0,0.2769454962564216
4,1,1,0.32161927652424843
4,1,2,0.35275399002082775
4,2,0,0.38243912666429813
4,2,1,0.4318322559086992
4,2,2,0.4580859470954892
4,3,0,0.47031907468246026
4,3,1,0.4515095578788566
4,3,2,0.452761240987377
4,4,0,0.4641471342538978
4,4,1,0.44804092697577746
4,4,2,0.4645811764700971
4,5,0,0.4497758117606423
4,5,1,0.44778964696719586
4,5,2,0.45510375636275996
4,6,0,0.44551135498430916
4,6,1,0.4457151880232328
4,6,2,0.4489906073248346
4,7,0,0.4446516019454374
4,7,1,0.4465937570092182
4,7,2,0.4510949484668428
4,8,0,0.45077572450397146
4,8,1,0.46144282344473947
4,8,2,0.47275739844734216
4,9,0,0.47599489801833395
4,9,1,0.4886020178561444
4,9,2,0.4943720958019373
4,10,0,0.4947976415166968
4,10,1,0.4967717651746246
4,10,2,0.4968688145814374
4,11,0,0.4959566935014315
4,11,1,0.49457067852931863
4,11,2,0.4934004048585868
4,12,0,0.49238936476622336
4,12,1,0.49037336989920216
4,12,2,0.48892650541595434
4,13,0,0.48799489771639915
4,13,1,0.48583806537570884
4,13,2,0.5816506422705734
4,14,0,0.08547015433018074
4,14,1,0.5826573984637855
4,14,2,0.5837511978579717
4,15,0,0.5722173853112593
4,15,1,0.566389440623373
4,15,2,0.5622334615499953
4,16,0,0.5605827291126758
4,16,1,0.5550740314042998
4,16,2,0.5511409881061499
4,17,0,0.5495723723744259
4,17,1,0.5443470948731892
4,17,2,0.5406120029743119
5,0,0,-0.0
5,0,1,-0.0
5,0,2,-0.0
5,1,0,-0.0
5,1,1,-0.0
5,1,2,-0.0
5,2,0,-0.0
5,2,1,-0.0
5,2,2,-0.0
5,3,0,-0.0
5,3,1,-0.0
5,3,2,-0.0
5,4,0,-0.0
5,4,1,-0.0
5,4,2,-0.0
5,5,0,-0.0
5,5,1,-0.0
5,5,2,-0.0
5,6,0,-0.0
5,6,1,-0.0
5,6,2,-0.0
5,7,0,-0.0
5,7,1,-0.0
5,7,2,-0.0
5,8,0,-0.0
5,8,1,-0.0
5,8,2,-0.0
5,9,0,-0.0
5,9,1,-0.0
5,9,2,-0.0
5,10,0,-0.0
5,10,1,-0.0
5,10,2,-0.0
5,11,0,-0.0
5,11,1,-0.0
5,11,2,-0.0
5,12,0,-0.0
5,12,1,-0.0
5,12,2,-0.0
5,13,0,-0.0
5,13,1,-0.0
5,13,2,-0.0
5,14,0,-0.0
5,14,1,-0.0
5,14,2,-0.0
5,15,0,-0.0
5,15,1,-0.0
5,15,2,-0.0
5,16,0,-0.0
5,16,1,-0.0
5,16,2,-0.0
5,17,0,-0.0
5,17,1,-0.0
5,17,2,-0.0
6,0,0,0.064866650168792
6,0,1,0.07319263219898288
6,0,2,0.07892356272049861
6,1,0,0.08549183619931905
6,1,1,0.09551627171879863
6,1,2,0.10210980486456066
6,2,0,0.1085595821286453
6,2,1,0.11223404897539166
6,2,2,0.099404633826266
6,3,0,0.08640384065646162
6,3,1,0.011516267217307731
6,3,2,-0.02682029175141807
6,4,0,0.022396421771704617
6,4,1,-0.02627103850209767
6,4,2,-0.031693326746340865
6,5,0,-0.011558017834027753
6,5,1,-0.027895140279250056
6,5,2,-0.030462186702735622
6,6,0,-0.02235152939568388
6,6,1,-0.027880894467253788
6,6,2,-0.028896446655193656
6,7,0,-0.025205283832266036
6,7,1,-0.02710688617485875
6,7,2,-0.027321257091464345
6,8,0,-0.025396062358998172
6,8,1,-0.025747383113604062
6,8,2,-0.02551747307017366
6,9,0,-0.02438184187901373
6,9,1,-0.02400710211698418
6,9,2,-0.023527586438076842
6,10,0,-0.02277617599214199
6,10,1,-0.022064339184550343
6,10,2,-0.021452508735016886
6,11,0,-0.02091003822690573
6,11,1,-0.020054766872634053
6,11,2,-0.01938490228057293
6,12,0,-0.018972130472285083
6,12,1,-0.018069510024281733
6,12,2,-0.017387881131190053
6,13,0,-0.01706338706444442
6,13,1,-0.01616784494559726
6,13,2,-0.021667311075948163
6,14,0,-0.015111211081823093
6,14,1,-0.020305139956311478
6,14,2,-0.019542860085872034
6,15,0,-0.018717343046679297
6,15,1,-0.017405116031892286
6,15,2,-0.01645408623282392
6,16,0,-0.016280344982001652
6,16,1,-0.01513896992453991
6,16,2,-0.014311764205310246
6,17,0,-0.014160644065345035
6,17,1,-0.013167876040364812
6,17,2,-0.01244837250577885
7,0,0,0.017843661635210024
7,0,1,0.020869271629598805
7,0,2,0.022985207760967862
7,1,0,0.025267276083189114
7,1,1,0.02900059392843466
7,1,2,0.03153609060071667
7,2,0,0.03393651454161216
7,2,1,0.03637610713653311
7,2,2,0.03421801711151148
7,3,0,0.03145014051290718
7,3,1,0.013823594256808876
7,3,2,0.005087888760322842
7,4,0,0.015839706135491658
7,4,1,0.004045413549607017
7,4,2,0.0030621014722004678
7,5,0,0.006574973856490718
7,5,1,0.002377449248241731
7,5,2,0.0016854092647597008
7,6,0,0.0028966716884225806
7,6,1,0.0011736578676266739
7,6,2,0.000683201612791937
7,7,0,0.0011912951448292556
7,7,1,0.00030098077356794945
7,7,2,-4.911284377377657e-05
7,8,0,0.00018829832302965678
7,8,1,-0.00032639667972000127
7,8,2,-0.0005762821891391254
7,9,0,-0.0004552823989014045
7,9,1,-0.0007731303986359831
7,9,2,-0.0009506488144119594
7,10,0,-0.0008813776136523022
7,10,1,-0.0010874390786732415
7,10,2,-0.001212452263413376
7,11,0,-0.0011676486347262389
7,11,1,-0.0013049908658509
7,11,2,-0.0013918534560664708
7,12,0,-0.00136077015212876
7,12,1,-0.0014519311108423167
7,12,2,-0.0015110405576864267
7,13,0,-0.0014883168897920304
7,13,1,-0.001547431857818029
7,13,2,-0.0031484580671241186
7,14,0,-0.0015558601715530667
7,14,1,-0.0031236585327067278
7,14,2,-0.0031127721571081214
7,15,0,-0.0030831963067765424
7,15,1,-0.0030528933056346076
7,15,2,-0.003030931360969217
7,16,0,-0.0030221490199023667
7,16,1,-0.0029924460181830425
7,16,2,-0.002970918920022027
7,17,0,-0.0029623104693083002
7,17,1,-0.0029331955870230183
7,17,2,-0.0029120947254055907
8,0,0,0.0012891389778815526
8,0,1,0.0018741025747862027
8,0,2,0.002298051945698852
8,1,0,0.00270602687251613
8,1,1,0.003479095941283965
8,1,2,0.00403937382701739
8,2,0,0.004549937570055703
8,2,1,0.005539053542518018
8,2,2,0.006255910701545686
8,3,0,0.006625840318120187
8,3,1,0.00753575778929711
8,3,2,0.008195219253725907
8,4,0,0.0071457059492396335
8,4,1,0.007547974725813652
8,4,2,0.00783952749350474
8,5,0,0.006861327100266513
8,5,1,0.006884057747648763
8,5,2,0.006900555088752492
8,6,0,0.006383804292176475
8,6,1,0.006234264152006912
8,6,2,0.006125940311424278
8,7,0,0.005867084855969094
8,7,1,0.005656922783040897
8,7,2,0.005504747867978356
8,8,0,0.005354576418086045
8,8,1,0.005127645802988845
8,8,2,0.00496339727571021
8,9,0,0.004864065314992014
8,9,1,0.004639648227805499
8,9,2,0.0044770958911967825
8,10,0,0.004405098534979275
8,10,1,0.004192117584354642
8,10,2,0.004037771896906864
8,11,0,0.003982591051126961
8,11,1,0.003785286773512175
8,11,2,0.003642292426012582
8,12,0,0.003598257468220231
8,12,1,0.0034182343700700406
8,12,2,0.003287763624567177
8,13,0,0.0032517980279064417
8,13,1,0.0030892922042070232
8,13,2,0.0029715169475586015
8,14,0,0.0029289504872149776
8,14,1,0.0027847049082937655
8,14,2,0.002680163668919593
8,15,0,0.002566949903544589
8,15,1,0.0023869873415166554
8,15,2,0.002256560397644423
8,16,0,0.0022327330261030834
8,16,1,0.0020762015896511874
8,16,2,0.0019627562338711186
8,17,0,0.0019420311861044607
8,17,1,0.0018058801426786028
8,17,2,0.0017072053722210982
9,0,0,-0.07556200614890766
9,0,1,-0.06537705017254766
9,0,2,-0.057740811208378096
9,1,0,-0.05520218697157991
9,1,1,-0.04609649580064373
9,1,2,-0.039497192824032155
9,2,0,-0.04036383911361923
9,2,1,-0.03370575772943069
9,2,2,-0.02888034739293231
9,3,0,-0.02951403915987838
9,3,1,-0.02464565005175972
9,3,2,-0.0211173100137121
9,4,0,-0.021580665433703065
9,4,1,-0.0180208993178467
9,4,2,-0.015440977082026287
9,5,0,-0.015779782565123676
9,5,1,-0.013176881581209504
9,5,2,-0.011290442442377615
9,6,0,-0.011538177011618429
9,6,1,-0.009634935812180388
9,6,2,-0.008255571513866512
9,7,0,-0.008436715030895393
9,7,1,-0.007045065065866297
9,7,2,-0.006036473890939191
9,8,0,-0.0061689260305907104
9,8,1,-0.005151351576161436
9,8,2,-0.004413869709054737
9,9,0,-0.0045107187135679265
9,9,1,-0.0037666682724892407
9,9,2,-0.0032274215312608225
9,10,0,-0.003298237523360867
9,10,1,-0.002754187840844132
9,10,2,-0.0023598906236579125
9,11,0,-0.002411671277081466
9,11,1,-0.0020138621492252293
9,11,2,-0.0017255520240186655
9,12,0,-0.0017634140378019673
9,12,1,-0.0014725360035134872
9,12,2,-0.001261723639962448
9,13,0,-0.001289408344440798
9,13,1,-0.0010767183257690616
9,13,2,0.0
9,14,0,-0.0009739904098718131
9,14,1,0.0
9,14,2,0.0
9,15,0,0.0
9,15,1,0.0
9,15,2,0.0
9,16,0,0.0
9,16,1,0.0
9,16,2,0.0
9,17,0,0.0
9,17,1,0.0
9,17,2,0.0
10,0,0,-0.07728614602155524
10,0,1,-0.06604968859957762
10,0,2,-0.05684649113201389
10,1,0,-0.05493020380290645
10,1,1,-0.04586937670119469
10,1,2,-0.03930258872866328
10,2,0,-0.04016496502068519
10,2,1,-0.033539688243913554
10,2,2,-0.028738052878398587
10,3,0,-0.02936862242312499
10,3,1,-0.02452422004394958
10,3,2,-0.021013264264685038
10,4,0,-0.02147433671578899
10,4,1,-0.01793210969613593
10,4,2,-0.015364898830337696
10,5,0,-0.015702035006584906
10,5,1,-0.013111958609814588
10,5,2,-0.01123481402474292
10,6,0,-0.01148132799681488
10,6,1,-0.009587464135496424
10,6,2,-0.008214896014892021
10,7,0,-0.008395147031271038
10,7,1,-0.0070103537758749845
10,7,2,-0.006006731966089045
10,8,0,-0.0061385315092653825
10,8,1,-0.005125970680919787
10,8,2,-0.004392122413604309
10,9,0,-0.004488494239574848
10,9,1,-0.0037481097618885482
10,9,2,-0.0032115199088274707
10,10,0,-0.0032819869879771274
10,10,1,-0.002740617857892906
10,10,2,-0.0023482633573346456
10,11,0,-0.0023997888856088752
10,11,1,-0.002003939777691292
10,11,2,-0.001717050166883093
10,12,0,-0.0017547256331572093
10,12,1,-0.0014652807654478728
10,12,2,-0.0012555070820249173
10,13,0,-0.001283055382964551
10,13,1,-0.0010714132956954842
10,13,2,0.0
10,14,0,-0.0009691915239495777
10,14,1,0.0
10,14,2,0.0
10,15,0,0.0
10,15,1,0.0
10,15,2,0.0
10,16,0,0.0
10,16,1,0.0
10,16,2,0.0
10,17,0,0.0
10,17,1,0.0
10,17,2,0.0
11,0,0,-0.07614891747655272
11,0,1,-0.06318452389437237
11,0,2,-0.05510302291597604
11,1,0,-0.055565860333636245
11,1,1,-0.04640018064587398
11,1,2,-0.03975740129935032
11,2,0,-0.040629757075954814
11,2,1,-0.03392781208826305
11,2,2,-0.029070611830084952
11,3,0,-0.02970847837393816
11,3,1,-0.02480801619893794
11,3,2,-0.021256431370158115
11,4,0,-0.021722839387023577
11,4,1,-0.018139621444663415
11,4,2,-0.015542702617859607
11,5,0,-0.01588374015979164
11,5,1,-0.013263691200337888
11,5,2,-0.011364824154178943
11,6,0,-0.011614190804839645
11,6,1,-0.009698411005687062
11,6,2,-0.008309959421535642
11,7,0,-0.008492296316498745
11,7,1,-0.007091478127358379
11,7,2,-0.0060762423290268595
11,8,0,-0.006209567066623881
11,8,1,-0.0051852888067244465
11,8,2,-0.00444294839098444
11,9,0,-0.004540435439115381
11,9,1,-0.0037914831754769143
11,9,2,-0.003248683863487821
11,10,0,-0.0033199663930811663
11,10,1,-0.0027723324979087188
11,10,2,-0.002375437640982295
11,11,0,-0.0024275594266209483
11,11,1,-0.0020271295224708547
11,11,2,-0.0017369200030862536
11,12,0,-0.001775031452745237
11,12,1,-0.001482237106830689
11,12,2,-0.0012700359062566683
11,13,0,-0.001297902998247317
11,13,1,-0.0010838117725145994
11,13,2,0.0
11,14,0,-0.0009804070825871728
11,14,1,0.0
11,14,2,0.0
11,15,0,0.0
11,15,1,0.0
11,15,2,0.0
11,16,0,0.0
11,16,1,0.0
11,16,2,0.0
11,17,0,0.0
11,17,1,0.0
11,17,2,0.0
12,0,0,-0.008138260467537538
12,0,1,-0.0095180407093941
12,0,2,-0.010484795190647739
12,1,0,-0.011530543003529622
12,1,1,-0.013246745097295934
12,1,2,-0.014416955998673583
12,2,0,-0.020663221659459757
12,2,1,-0.0698952931713528
12,2,2,-0.06820141505335993
12,3,0,-0.053787820406502033
12,3,1,-0.044915431317433134
12,3,2,-0.03848521282813985
12,4,0,-0.039329654281234264
12,4,1,-0.03284216337930709
12,4,2,-0.02814038761993585
12,5,0,-0.02875784321043848
12,5,1,-0.02401418986294934
12,5,2,-0.020576251427697086
12,6,0,-0.02102773495547262
12,6,1,-0.017559175627788554
12,6,2,-0.01504535504393211
12,7,0,-0.015375479799441578
12,7,1,-0.012839269219038989
12,7,2,-0.011001163608123156
12,8,0,-0.011242550829351676
12,8,1,-0.009388073652961305
12,8,2,-0.00804405083025965
12,9,0,-0.008220553166421944
12,9,1,-0.006864559455045305
12,9,2,-0.005881809967085854
12,10,0,-0.006010868475287725
12,10,1,-0.005019365873529126
12,10,2,-0.004300779447933176
12,11,0,-0.004395147029130383
12,11,1,-0.0036701603267244964
12,11,2,-0.0031447299323287374
12,12,0,-0.0032137315077001363
12,12,1,-0.0026836212309009518
12,12,2,-0.002299426526518773
12,13,0,-0.002349880478430339
12,13,1,-0.0019622638440347753
12,13,2,0.0
12,14,0,-0.0017750474938400896
12,14,1,0.0
12,14,2,0.0
12,15,0,0.0
12,15,1,0.0
12,15,2,0.0
12,16,0,0.0
12,16,1,0.0
12,16,2,0.0
12,17,0,0.0
12,17,1,0.0
12,17,2,0.0
13,0,0,-0.008901130804883313
13,0,1,-0.07879668215659827
13,0,2,-0.0781562527408362
13,1,0,-0.060051608328277314
13,1,1,-0.050145997160429355
13,1,2,-0.04296695626853242
13,2,0,-0.04390973600963636
13,2,1,-0.03666675312370594
13,2,2,-0.031417438423550895
13,3,0,-0.0321067989702461
13,3,1,-0.02681072988405378
13,3,2,-0.02297243097530041
13,4,0,-0.023476491407043946
13,4,1,-0.01960400569122012
13,4,2,-0.01679744152913966
13,5,0,-0.01716601051683053
13,5,1,-0.014334448961420148
13,5,2,-0.012282289246106914
13,6,0,-0.01255178688990648
13,6,1,-0.010481349080590412
13,6,2,-0.008980809896753374
13,7,0,-0.009177866573899617
13,7,1,-0.007663962447727707
13,7,2,-0.006566768196506066
13,8,0,-0.006710856038835398
13,8,1,-0.005603889341778498
13,8,2,-0.004801620905285234
13,9,0,-0.004906977935596442
13,9,1,-0.004097563886708437
13,9,2,-0.0035109452059445623
13,10,0,-0.0035879822665081185
13,10,1,-0.0029961387139612085
13,10,2,-0.0025672031345866644
13,11,0,-0.0026235326332707354
13,11,1,-0.002190776627648435
13,11,2,-0.0018771389320097682
13,12,0,-0.0019183270614475613
13,12,1,-0.0016018958701365354
13,12,2,-0.0013725639870855422
13,13,0,-0.0014026807473304565
13,13,1,-0.0011713062602438345
13,13,2,0.0
13,14,0,-0.0010595538658501522
13,14,1,0.0
13,14,2,0.0
13,15,0,0.0
13,15,1,0.0
13,15,2,0.0
13,16,0,0.0
13,16,1,0.0
13,16,2,0.0
13,17,0,0.0
13,17,1,0.0
13,17,2,0.0
14,0,0,0.008275574237608014
14,0,1,0.0068692234238752065
14,0,2,0.005822759109207232
14,1,0,0.005389792644591397
14,1,1,0.004075782974693551
14,1,2,0.0031321052390398283
14,2,0,0.003107058192909019
14,2,1,0.0021535240393272654
14,2,2,0.0016618481887261053
14,3,0,0.0018718743545769014
14,3,1,0.00215553889523697
14,3,2,0.002155997889222318
14,4,0,0.0016776633976104995
14,4,1,0.0018313817418845893
14,4,2,0.0015586181802157426
14,5,0,0.001432662301321828
14,5,1,0.0013227968879147723
14,5,2,0.0011238211448873817
14,6,0,0.0010981951100173298
14,6,1,0.0009508746640772298
14,6,2,0.0008055939985777338
14,7,0,0.0008045104049944252
14,7,1,0.0006786896868193738
14,7,2,0.0005725101604487135
14,8,0,0.0005780069588160369
14,8,1,0.00047950807102346745
14,8,2,0.0004018649877342108
14,9,0,0.00040840300445758225
14,9,1,0.00033374002077120167
14,9,2,0.00027694363450708883
14,10,0,0.00028268099862656225
14,10,1,0.00022704031924591233
14,10,2,0.00018547931877712132
14,11,0,0.00019000209679613883
14,11,1,0.000148910380101056
14,11,2,0.00011848562424011045
14,12,0,0.00012193122845549757
14,12,1,9.167211244708266e-05
14,12,2,6.938855561198819e-05
14,13,0,7.196968313765186e-05
14,13,1,4.970996835586006e-05
14,13,2,0.0
14,14,0,0.0012822627866902081
14,14,1,0.0
14,14,2,0.0
14,15,0,0.0
14,15,1,0.0
14,15,2,0.0
14,16,0,0.0
14,16,1,0.0
14,16,2,0.0
14,17,0,0.0
14,17,1,0.0
14,17,2,0.0
15,0,0,0.0
15,0,1,0.0
15,0,2,0.0
15,1,0,0.0
15,1,1,0.0
15,1,2,0.0
15,2,0,0.0
15,2,1,0.0
15,2,2,0.0
15,3,0,0.0
15,3,1,0.0
15,3,2,0.0
15,4,0,0.0
15,4,1,0.0
15,4,2,0.0
15,5,0,0.0
15,5,1,0.0
15,5,2,0.0
15,6,0,0.0
15,6,1,0.0
15,6,2,0.0
15,7,0,0.0
15,7,1,0.0
15,7,2,0.0
15,8,0,0.0
15,8,1,0.0
15,8,2,0.0
15,9,0,0.0
15,9,1,0.0
15,9,2,0.0
15,10,0,0.0
15,10,1,0.0
15,10,2,0.0
15,11,0,0.0
15,11,1,0.0
15,11,2,0.0
15,12,0,0.0
15,12,1,0.0
15,12,2,0.0
15,13,0,0.0
15,13,1,0.0
15,13,2,0.0
15,14,0,0.0
15,14,1,0.0
15,14,2,0.0
15,15,0,0.0
15,15,1,0.0
15,15,2,0.0
15,16,0,0.0
15,16,1,0.0
15,16,2,0.0
15,17,0,0.0
15,17,1,0.0
15,17,2,0.0
16,0,0,0.003214547919739264
16,0,1,0.0018417051744113787
16,0,2,0.0009540878278163608
16,1,0,0.0006761940422584561
16,1,1,0.0
16,1,2,0.0
16,2,0,0.0
16,2,1,0.0
16,2,2,0.0
16,3,0,0.0
16,3,1,0.0
16,3,2,0.0
16,4,0,0.0
16,4,1,0.0
16,4,2,0.0
16,5,0,0.0
16,5,1,0.0
16,5,2,0.0
16,6,0,0.0
16,6,1,0.0
16,6,2,0.0
16,7,0,0.0
16,7,1,0.0
16,7,2,0.0
16,8,0,0.0
16,8,1,0.0
16,8,2,0.0
16,9,0,0.0
16,9,1,0.0
16,9,2,0.0
16,10,0,0.0
16,10,1,0.0
16,10,2,0.0
16,11,0,0.0
16,11,1,0.0
16,11,2,0.0
16,12,0,0.0
16,12,1,0.0
16,12,2,0.0
16,13,0,0.0
16,13,1,0.0
16,13,2,0.0
16,14,0,0.0
16,14,1,0.0
16,14,2,0.0
16,15,0,0.0
16,15,1,0.0
16,15,2,0.0
16,16,0,0.0
16,16,1,0.0
16,16,2,0.0
16,17,0,0.0
16,17,1,0.0
16,17,2,0.0
17,0,0,0.0
17,0,1,0.0
17,0,2,0.0
17,1,0,0.0
17,1,1,0.0
17,1,2,0.0
17,2,0,0.0
17,2,1,0.0
17,2,2,0.0
17,3,0,0.0
17,3,1,0.0
17,3,2,0.0
17,4,0,0.0
17,4,1,0.0
17,4,2,0.0
17,5,0,0.0
17,5,1,0.0
17,5,2,0.0
17,6,0,0.0
17,6,1,0.0
17,6,2,0.0
17,7,0,0.0
17,7,1,0.0
17,7,2,0.0
17,8,0,0.0
17,8,1,0.0
17,8,2,0.0
17,9,0,0.0
17,9,1,0.0
17,9,2,0.0
17,10,0,0.0
17,10,1,0.0
17,10,2,0.0
17,11,0,0.0
17,11,1,0.0
17,11,2,0.0
17,12,0,0.0
17,12,1,0.0
17,12,2,0.0
17,13,0,0.0
17,13,1,0.0
17,13,2,0.0
17,14,0,0.0
17,14,1,0.0
17,14,2,0.0
17,15,0,0.0
17,15,1,0.0
17,15,2,0.0
17,16,0,0.0
17,16,1,0.0
17,16,2,0.0
17,17,0,0.0
17,17,1,0.0
17,17,2,0.0
18,0,0,0.00040636150521398365
18,0,1,0.009923526489749914
18,0,2,0.00973722978668107
18,1,0,0.007130084695960952
18,1,1,0.0055878823365187276
18,1,2,0.004477625613001746
18,2,0,0.004495092643842952
18,2,1,0.0033736968810106653
18,2,2,0.002732741140970815
18,3,0,0.0029422203012465513
18,3,1,0.002967256420953636
18,3,2,0.0028086929685770517
18,4,0,0.0024174999349847732
18,4,1,0.002389548147541501
18,4,2,0.002038341333194296
18,5,0,0.0019450987009845522
18,5,1,0.0017331876021258023
18,5,2,0.0014767891832446049
18,6,0,0.001465874210350131
18,6,1,0.0012532180238426873
18,6,2,0.0010659207501718913
18,7,0,0.0010731481549217338
18,7,1,0.000902061438833052
18,7,2,0.0007651524838684619
18,8,0,0.0007758550168908774
18,8,1,0.0006451579436634352
18,8,2,0.0005450461413351419
18,9,0,0.0005550416536063168
18,9,1,0.00045720117342592387
18,9,2,0.0003839789519277731
18,10,0,0.00039211189059393746
18,10,1,0.00031966888720071286
18,10,2,0.0002661016775020652
18,11,0,0.0002723307129580979
18,11,1,0.00021900955583816184
18,11,2,0.00017981075734316195
18,12,0,0.0001844847830368252
18,12,1,0.00014531298787596357
18,12,2,0.00011661897346930396
18,13,0,0.00012008977489425249
18,13,1,9.133170740441832e-05
18,13,2,0.0
18,14,0,7.713959301660209e-05
18,14,1,0.0
18,14,2,0.0
18,15,0,0.0
18,15,1,0.0
18,15,2,0.0
18,16,0,0.0
18,16,1,0.0
18,16,2,0.0
18,17,0,0.0
18,17,1,0.0
18,17,2,0.0
19,0,0,0.0
19,0,1,0.0
19,0,2,0.0
19,1,0,0.0
19,1,1,0.0
19,1,2,0.0
19,2,0,0.0
19,2,1,0.0
19,2,2,0.0
19,3,0,0.0
19,3,1,0.0
19,3,2,0.0
19,4,0,0.0
19,4,1,0.0
19,4,2,0.0
19,5,0,0.0
19,5,1,0.0
19,5,2,0.0
19,6,0,0.0
19,6,1,0.0
19,6,2,0.0
19,7,0,0.0
19,7,1,0.0
19,7,2,0.0
19,8,0,0.0
19,8,1,0.0
19,8,2,0.0
19,9,0,0.0
19,9,1,0.0
19,9,2,0.0
19,10,0,0.0
19,10,1,0.0
19,10,2,0.0
19,11,0,0.0
19,11,1,0.0
19,11,2,0.0
19,12,0,0.0
19,12,1,0.0
19,12,2,0.0
19,13,0,0.0
19,13,1,0.0
19,13,2,0.0
19,14,0,0.0
19,14,1,2.3892962527246122e-15
19,14,2,0.0
19,15,0,0.0
19,15,1,0.0
19,15,2,0.0
19,16,0,0.0
19,16,1,0.0
19,16,2,0.0
19,17,0,0.0
19,17,1,0.0
19,17,2,0.0
